LENDING_BUSINESS_ID,BUSINESS_ID,CREATED_AT,MEDIAN_RUNNING_BALANCE_6M,OD_COUNT_3M,RATIO_DEBIT_CREDIT_1M,RATIO_DEBIT_CREDIT_3M,ZERO_BALANCE_COUNT_1M,RATIO_ACH_CREDIT_AMT_90_180,DISTINCT_MRDC_TXNS_1M,DISTINCT_ACH_C_TXNS_100_6M,RATIO_ACH_DEBIT_AMT_90_180,STDDEV_AMOUNT_ACH_C_1M
4fc0b45c-2d2b-423a-ac5b-331e5b2424cf,9ddec5ec-189a-455e-82ff-d3c5e511746d,2023-07-01,,,,,,,,,,
3e6fc5fc-26c9-44a9-9fc3-72090790c684,5fc3a53c-71ec-4a8a-8d93-80c71f63ec62,2023-07-01,,,,,,,,,,
c2f7b218-b2e5-4198-a2e4-31b262a28873,22fbd96c-bc78-4ac4-a149-de13dc93aeaf,2023-07-01,,,,,,,,,,
5426d682-31f3-4a9f-bd53-fc154f7219da,4b60043f-8547-40cc-968f-f3cb55a4d9f8,2023-07-01,,,,,,,,,,
b579deb3-2338-4fcb-812c-db632a43368a,db19e12d-2df4-49eb-b1ab-5961302ab540,2023-07-01,,,,,,,,,,
792af6d3-508c-4e0e-8c34-3d651706046b,bd5c220a-53e5-4541-a815-e62294013ef8,2023-07-01,,,,,,,,,,
dab7444d-0570-44cd-b5e6-007ef0c0b282,1bee8fe2-4b07-4706-aac2-33bbc397f731,2023-07-01,,,,,,,,,,
34b33842-42d7-4f3e-b026-3a8d1811a826,6e19c042-46e4-46e4-8129-621fc09f3dc2,2023-07-01,,,,,,,,,,
43bcd879-d2d0-43ea-8031-3bdcac2275d2,f7209f81-c2d6-4751-85e8-ab3e1a2e962b,2023-07-01,,,,,,,,,,
abcb34e9-6a66-403b-b8f6-f0d36caa99d4,9f7ea908-9790-453a-ab3d-807de16e5c81,2023-07-01,,,,,,,,,,
96a7e24c-3473-4e7c-9090-12b383c457db,9d63f1a0-87ac-4c9c-b019-f59da6ff0ec0,2023-07-01,,,,,,,,,,
2860678d-bf2a-4939-b26a-38f57997ea96,0a867e5b-341f-432c-bac1-8f06f8cba919,2023-07-01,,,,,,,,,,
195c3806-9356-42a4-89ec-143c8a401799,90ec290a-c855-469f-b07e-44183d7c0dd0,2023-07-01,,,,,,,,,,
c3c44a01-3fda-4547-8cca-39ecde50d748,bdfa3d2e-ae62-416a-a8b0-a55538eecefb,2023-07-01,,,,,,,,,,
ab423e14-17ff-4efc-a8cc-578d8e3bd81f,71396f04-be2a-4d9e-be3d-3a4edd2be448,2023-07-01,,,,,,,,,,
da8ee4b3-d3fb-475f-b224-1d0aa91a96ea,4751400c-66e5-49de-8027-58cb2cc50440,2023-07-01,,,,,,,,,,
0204ae9a-f174-48cc-ae70-12836b0328d7,3a351cf8-8658-4031-94db-76f44d937f3b,2023-07-01,,,,,,,,,,
4500c9ff-cc9e-48eb-a415-225b62786e78,7171f6f4-ed4c-47ce-b68f-03a573f38fbe,2023-07-01,,,,,,,,,,
bb85bef3-2a2c-4348-b254-8f1ff3fd7d18,697187ee-5900-45c6-ba47-313ef5c65d59,2023-07-01,,,,,,,,,,
96dee6f3-b865-4330-8d9a-b9aec4472e29,1e1ab9aa-745e-4234-adfc-9f3ec24b6b7d,2023-07-01,,,,,,,,,,
25ab52f1-f7d4-412b-86a8-69e85e31bcc6,99e0ec02-6572-4410-bc1a-32c0a8ea7299,2023-07-01,,,,,,,,,,
65edd03e-6fa1-48f2-9f12-ce094b8ac3b2,e0b7a334-adb6-4153-90ab-772ed121a3ab,2023-07-01,,,,,,,,,,
e0ead690-b87d-4e54-a790-47deed10e0fc,87ae5d48-da25-4d77-b6fd-49fb93afb789,2023-07-01,,,,,,,,,,
31cce6f1-381d-4862-b57f-e4f74dca218b,d119a11f-b04c-4c8a-8e8c-1551f8a24dc2,2023-07-01,,,,,,,,,,
553e2af0-1127-4c11-ba33-9a9ee5d3ee6a,cacff76d-6d47-4efd-8234-db664794bd1e,2023-07-02,35.62,0,0.0485,0.0485,0,1,0,0,0,8.4557
fcc6c64a-6521-4b3c-b727-6f55fb1dc6b3,4681e17b-cdd8-460f-863f-944be7a47f94,2023-07-02,545.935,0,13.1757,13.1757,0,0,0,0,1,0
46744a0f-fe12-4e73-a778-d1723d584008,57b6b8f0-3f41-4f01-9d3c-b9902bbca0b4,2023-07-02,852.225,0,2.2819,2.2819,0,1,1,2,1,125.8224
b8565408-717c-40a7-835d-7eadc5cde177,3f6dd0c7-66d1-4e86-af4f-177ad7e7a462,2023-07-02,34285.25,0,1.2208,1.2208,0,1,1,7,1,1744.6731
3916be8f-5013-4748-b339-04d16ea855cd,9a4d9f45-7e10-4844-9f36-f76bfd045af9,2023-07-02,483.025,0,0,0,0,0,0,0,1,0
6b1e3276-e623-4b21-925a-cbb4f18db7f3,7fb80cb5-30df-4f24-85ad-23c8960e7796,2023-07-02,1471.98,0,0.5007,0.5007,0,1,0,5,1,690.276
89dd229d-5c72-459c-8342-fb4a33021222,4b2f27c0-a411-4e6e-bf05-9055bd1fc924,2023-07-02,10,0,0.8143,0.8143,0,1,0,1,0,0
1ed4d96b-b095-43e2-b2a7-347874de519f,40848834-f911-4e46-b156-24d43c6c3a67,2023-07-02,75.44,0,0.9367,0.9367,0,1,0,2,0,32.0678
d40f37b5-0dd0-4c7a-beaa-0b6a7f8f9028,1cb541bf-d3f7-4af7-acc6-8b5f458ea8f3,2023-07-02,279.725,0,4.2025,4.2025,0,1,0,0,1,0
fb75baac-ddef-42f5-8398-ad1cee059c77,eea2c5de-fd1d-4683-b49e-975f8af47651,2023-07-02,10986,0,1.6153,1.6153,0,1,0,8,1,479.6886
0d00b572-3c8f-47a7-924c-1f6c49d7575b,80c20d3a-b3a7-4bce-9f98-9a4c845edca3,2023-07-02,696.33,0,0,0,0,0,0,0,0,0
21dc4e1f-9c17-4cd3-b6fc-e089bc9e691e,62782373-2fa0-46f9-bed9-eda70d854d6a,2023-07-02,1849.31,0,0.3094,0.3094,0,1,0,9,1,325.1068
a9960c5f-3a4c-46bc-ba95-2b91ed41d68d,b8ad9ef4-d6c5-4aa4-a765-9c81787a5913,2023-07-02,2060.6,0,1.6926,1.6926,0,1,0,11,1,983.1378
3e806b4e-cbe7-4f5b-8c15-64272526b3bc,ab0a2e04-a972-4c9d-a558-d7b4bcc84ca3,2023-07-02,30.44,0,0.997,0.997,0,1,0,1,0,379.2991
5ec76061-e467-4879-8cd7-b2235c9cb561,1f9cd588-aa74-4e5f-870b-e43c0a7994bb,2023-07-02,408.54,0,4.836,4.836,0,1,0,1,0,0
52dc50e4-189a-4764-92a8-710fc852f51c,ae824fff-a002-4a32-82f4-d82b0896ef0f,2023-07-02,208.14,0,0,0,0,0,0,0,0,0
712650a8-4ec0-46d5-adbe-f6d06c2b229c,320a75c0-fb7a-4a8c-ac75-93e6486e8698,2023-07-02,441.35,0,6.4918,6.4918,0,0,0,0,0,0
5778fc81-826d-48cf-acbe-725e45a8fb43,47aeb6c9-30ba-4955-b655-ae66362a67e5,2023-07-02,,,,,,,,,,
f2c818b3-dc38-4f86-a8b1-fdded2e934d4,a47edbb8-eaa5-4b9b-ae97-cda8c2c5f821,2023-07-02,25.73,0,1.72,1.72,0,1,0,1,0,565.6854
2c255c54-f890-427b-8f22-fad66946a827,4c9a83b6-ee37-4968-a0dd-f9dcffaf162d,2023-07-02,-5000,1,0,0,0,0,0,0,1,0
7ba2bbbc-235d-4f4a-b2de-3f2926b3aff0,b9ab84bf-8726-4fed-a636-b3ade54ff191,2023-07-02,852.885,0,1.1116,1.1116,0,1,0,1,1,0
3d2d16d3-6861-466e-89ac-b97fd58efff8,5ecfcaa2-18a3-40c7-98d8-6f1cb4df2590,2023-07-02,200.94,0,0.6818,0.6818,0,1,0,0,1,26.4599
f911bb85-d66e-4083-922d-bba68941af8b,e3db9a2b-fad3-4306-a1ab-d67bcfc2f731,2023-07-02,1483.3,0,0.038,0.038,0,1,0,7,0,286.6477
92b0746d-30eb-450f-94b4-2a1623c9cc6e,3cfc7d19-886e-4899-9c0d-550e8e7695a3,2023-07-03,782.17,0,7.3358,7.3358,0,1,0,2,1,456.0839
6322d90e-f7d0-45d8-91be-0251a1c07ea9,d977ceb9-aba1-4fe7-b221-d30aed9c4feb,2023-07-03,916.45,0,0.2729,0.2729,0,1,0,1,0,564.8369
d99a2e05-7529-4f3d-b8aa-f473c6f2804b,aac79b33-9405-40ce-8ae7-f22961d9de48,2023-07-03,3547.04,0,7.1835,7.1835,0,1,0,2,1,70.7107
04f28aa5-0a10-43e5-a21e-4a78856647fa,fa1220a5-3a31-421d-8d06-c05ebc44f611,2023-07-03,79.845,0,23.5793,23.5793,0,1,0,1,1,0
fb83c95b-827d-4786-bded-4744c1343c9e,ee298f06-7dd1-4b3e-8cb1-a221c191c122,2023-07-03,3192.82,0,0,0,0,0,0,0,1,0
9423c08b-03ed-4cc2-ac98-1112e9624139,de03a7c4-a161-4b36-b4a4-77409926f40d,2023-07-03,38.325,0,1.0201,1.0201,0,1,0,1,1,84.5023
7d959ff1-5b02-49bd-8ad7-f9499a8a7fd5,8c81ed63-a8f3-4186-8b11-1ac6cc3bacb5,2023-07-03,258.11,0,4.1946,4.1946,0,1,0,1,1,0
93e32116-841f-4cbb-9998-8ef3071ec5e2,407a3173-446f-4b6c-a712-e4163a20fa74,2023-07-03,1585.4,0,0.6528,0.6528,0,1,0,3,1,45.7553
f4880fba-57d3-464d-aa6c-438942f87fd1,f74cd31d-bedf-40fa-ac57-40d2ef0c2c0f,2023-07-03,3872.57,0,0,0,0,0,0,0,0,0
16d38005-a464-4cbd-84a1-3f8e9e341725,e3534a38-9e26-49f2-a331-fdc18a10d8b1,2023-07-03,-66.47,6,1.1026,1.1026,0,1,0,1,1,0
8db08158-a2d6-48c0-9ffe-0ee0f78ad4eb,3d343608-3e92-4c85-88e1-97b63e034215,2023-07-03,423.41,0,1.3605,1.3605,0,1,0,8,1,266.8682
f590c347-083c-423a-9bbd-4fd08b78ee9c,8bb9171c-341d-4d56-a8d1-4c349a691a23,2023-07-03,59.18,0,693.0769,693.0769,0,1,0,0,1,0.0141
7c0e0f2c-e17f-4fc5-a58a-7a41824548b8,a90e3b23-d635-4321-8825-1c40daa1b675,2023-07-03,942.885,0,1.0797,1.0797,0,1,2,5,1,387.8359
3aba5f53-17ca-408e-9242-8a7f9f058860,3892e352-702f-4d79-bcfa-166acef33e6f,2023-07-03,16320.875,0,1.2704,1.2704,0,1,0,4,0,73.9926
172dce29-47e9-4fc9-b8cf-dad69932521c,18146156-2f4a-45ba-b0fe-9b25fe99418b,2023-07-03,49466.945,0,0.4047,0.4047,0,1,0,4,1,2191.6888
c281aa78-6d2f-4d2c-923b-2d9f9a215397,fd0af8a2-223e-40e9-aba0-5e6bf07a9c2b,2023-07-03,2133.75,0,0.9347,0.9347,0,0,2,0,0,0
6887bb73-ae4d-434f-8b34-df031c5c9c9e,2e61ff31-3969-4306-bf4d-b650085828d3,2023-07-03,179.55,0,0.815,0.815,0,1,0,2,1,797.9108
31504bde-6dc5-4b53-81b9-cf7f57a70376,527fe62c-01ec-4bd8-ab2e-f693427a12ff,2023-07-03,81854.74,0,0.3801,0.3801,0,1,0,5,1,46947.1245
f2f5b9b0-50fc-45ed-8448-39886f2af239,5823691d-b185-41c5-84c5-7814f1732176,2023-07-03,-101.965,6,58567.06,58567.06,0,1,0,0,1,0
e93c4822-0299-4e0c-8236-118a6fef9393,c18df638-46e1-41db-9cfa-f841cc443ef1,2023-07-03,2414.5,0,2.0444,2.0444,0,1,0,4,1,412.0028
f27cb828-f76f-4e52-af35-89a6040335d0,81ef0dbe-009e-40bb-bc39-acdc951c36cc,2023-07-03,5995.38,0,2.0136,2.0136,0,1,0,4,1,264.6144
9bb02bdf-6c7b-4d93-a6aa-20636e021b67,700e96aa-8e95-4300-ab9e-b87622918595,2023-07-03,3599.23,0,1.5022,1.5022,0,1,1,3,1,2251.666
a7f531b8-830e-4bc1-9e0f-c1a1abf210ef,2372babb-11ba-4691-99e4-53f8b0e20d3d,2023-07-03,45.25,4,1.5176,1.5176,0,1,0,3,1,2401.5628
a0e97766-385f-49b0-aa6e-fa0d7db298a5,464d5d22-a8b7-4500-8b41-4e0e68a1cc79,2023-07-03,,,,,,,,,,
202198ab-81ee-4ee6-841c-86cfc4673503,538cb627-8aa3-407c-81dc-33d835275338,2023-07-03,-160.555,1,0,0,0,0,0,0,1,0
f2f0fd3b-8f08-4c65-be4f-dcf2506051bf,aaae3e60-59da-45fc-b6e1-9d42ca08f097,2023-07-03,60.44,0,1.3302,1.3302,0,1,0,1,0,0
cdfea5b0-3805-4a3d-82ea-d0b574b720c6,cbd673b1-50c8-43e9-9bc9-090651a2900c,2023-07-03,192.07,0,0.7959,0.7959,0,1,0,4,1,379.2674
b4e17fa0-5855-4278-a9f4-0e1457d1a47e,14c5a0e3-c046-4713-916c-6f5302f09917,2023-07-03,403.73,0,0,0,0,0,0,0,1,0
52246a2f-76b9-41f1-ad99-74765ee75a8c,84547275-14e1-43c2-affd-a4a3482b4c99,2023-07-03,360.97,0,1.3113,1.3113,0,1,0,2,0,158.9147
9b12e73c-07cc-49b9-ac7e-2c671eaf5660,7e5b13b2-bf29-4e72-b0b6-e20cc37e2f85,2023-07-03,150.42,0,0.9348,0.9348,0,0,0,0,1,0
6caee460-670e-4c2b-b417-7228a4acab85,8362ff8f-56d9-4e72-8f72-85ba8e61ce3c,2023-07-03,275.085,0,0.5178,0.5178,0,1,1,4,1,1450
eeb20645-9038-40f0-93e9-9fd900791ba7,e92e7e63-e24a-4870-ac55-40d6df9f7c5e,2023-07-03,9.395,12,1.6522,1.6522,0,1,0,7,1,368.5521
9df03010-52ae-4982-a806-77d3fcacaf95,62c69581-8cca-4d24-97d0-738ade2c4db5,2023-07-03,403.7,0,0.3948,0.3948,0,1,0,0,1,0
bd4d004b-108b-4866-bbfc-d9ef71669619,46f19aee-d777-4294-b79e-ea0aa9768afb,2023-07-03,265.46,0,2.8249,2.8249,0,1,0,1,0,31.4146
255ad4e9-5fcc-421f-a7d3-8c29f6f7ee5b,acde4513-e95b-43f5-ba2c-7481c783e670,2023-07-03,4343.105,0,3.3799,3.3799,0,1,0,7,1,112.3417
d0942945-305e-43b2-a9d6-bbb69754e0da,a09b6431-51a7-48c0-ac52-4c78bed4a5eb,2023-07-03,327.65,0,0.5757,0.5757,0,1,0,4,0,125.8244
4557fe61-8cff-4250-9429-84128d1fdd14,9a50a0ae-eb10-42c3-a016-e06bb30d9030,2023-07-03,113.98,1,2.6892,2.6892,0,1,0,2,1,340.684
60c7b57f-7793-41ac-9818-8853db006fc0,02c0bbf8-11a6-40a5-b580-f1d211621bf1,2023-07-03,10959.39,0,2.0609,2.0609,0,1,3,8,1,818.339
b0f994a8-571e-4ed9-9562-7219d92cf9db,6d1bb499-e5e4-4971-bc11-22bd45a57820,2023-07-04,12210.76,0,8.3331,8.3331,0,1,0,2,1,147.1521
26cd2152-2ef8-4b86-bf4d-7abe9707a013,40687a4d-a9b1-475e-9cef-f7b8a018e8f2,2023-07-04,3923.89,1,1.0102,1.0102,0,1,0,37,1,1631.8005
141afe24-3893-4ebd-b3af-a72cbb69db66,bad04650-ab1f-483e-a17c-97115513d127,2023-07-04,1051.145,0,0,0,0,1,0,3,0,130.7102
48092c58-2b94-4089-b65f-f1988c1fb3e7,a02957cc-b1b8-42ce-a35d-ec0142c2006b,2023-07-04,8362.705,0,0.4487,0.4487,0,1,0,7,1,1692.3969
28bb130f-ba12-4889-8529-a7bc7d355679,a97e1748-cfc8-4fed-ae21-a0aab4feebc2,2023-07-04,4530.76,0,5.3362,5.3362,0,1,0,5,1,155.8347
76f811e1-f29a-4713-a53b-12d3721c2684,5611a96f-4b93-4bd2-9a60-41d67b0d24ce,2023-07-04,100.63,0,1.0337,1.0337,0,1,0,3,1,130.3746
86c81393-ba3f-4ae2-a192-515e3812344e,524ddebc-c8bd-4977-a328-88bcd4170e4f,2023-07-04,2422.645,0,0.5003,0.5003,0,1,0,5,1,1173.8307
76159c1a-36a4-4850-a1d9-081db8179a89,a40334ad-36f9-43e7-a769-23ec499c1503,2023-07-04,1665.27,0,0,0,0,0,0,0,1,0
28bd7724-3168-495c-9085-2835a2095117,d7792dab-2357-43cf-a847-714640e457f2,2023-07-04,32318.06,0,0.8911,0.8911,0,1,0,3,1,9353.0744
f4e72221-26d8-4538-aad3-d828fa4e9f74,8b26a99c-075f-4534-8d3b-c1605b7ddec7,2023-07-04,167.74,0,0.3571,0.3571,0,1,0,2,0,132.5577
3165aedf-1816-450c-a637-cab991cc738c,7dcb092a-44e2-4087-9b7c-f7ce988955d4,2023-07-04,276.91,0,0,0,0,1,0,1,0,57.735
d1ad5fe0-d2fc-41a8-8093-ba0e4cd20b05,3fb1b451-7c4c-4e29-b183-a1c7fa4f916a,2023-07-04,2108.82,0,3.3719,3.3719,0,1,0,32,1,106.9026
7a640596-d109-419c-b726-b204e88cd86e,58b448d1-91d3-452f-8eca-032e8fdb625f,2023-07-04,1777.65,0,0.7465,0.7465,0,0,1,0,0,0
584562dd-2ade-4410-82df-f79c988d7750,2253e1a9-2a60-4b9a-a787-659bb7def402,2023-07-04,81.94,0,5.2317,5.2317,0,1,0,1,0,0
704d463b-0b39-439d-995e-df91c4a2c91c,d31faa03-26e5-4091-a2ec-8f5060ac792d,2023-07-04,1065.38,0,1,1,0,1,0,0,0,0
93635042-71ee-43a6-903a-0c81da915d63,a36fdeda-259f-480c-b050-96238533569c,2023-07-04,13100.36,0,0.4924,0.4924,0,0,0,0,1,0
7eba2aa7-3978-482a-a7f0-f7e87c9c2d92,43ef6a24-70d8-40b9-8029-adc156451d15,2023-07-04,508.7,0,0.1778,0.1778,0,1,0,1,1,545.8574
9c4638ff-8324-4da5-b506-5c3507779f1f,04e7fac1-d555-40c9-8269-e43f77fd92ef,2023-07-04,15.5,1,0.8071,0.8071,0,1,0,0,0,0
058feec8-c3c2-46b3-9dfc-c1ccf42b89d7,7aaf0610-2cd7-44de-815f-bf8707f06d3a,2023-07-04,4679.36,0,1.2014,1.2014,0,1,0,4,0,349.1352
e1e59c20-7d3e-44d7-9716-4afa366dedba,90ffc2a8-2f01-48ec-bbd5-e7e4320d978a,2023-07-04,1785.93,0,0.9302,0.9302,0,1,0,4,1,496.1888
ec989f71-1381-46d9-99bf-30d1997bb032,731c863f-47d6-4ca0-83a9-0a71ca628dd8,2023-07-04,11463.62,0,1.3634,1.3634,0,1,0,7,1,5306.8601
072c976f-b1fe-4b72-8aee-b233a30e8049,d6cc4466-b491-4a8a-93a0-fdad38b1fa58,2023-07-04,2107.79,0,1.0623,1.0623,0,1,1,6,1,327.4142
aeeaec49-0b05-4af7-b1f5-3682b54b1345,f37cafc1-14a9-46df-832d-dcf6bb1f613b,2023-07-05,110.71,2,0.8477,0.8477,0,1,0,5,1,1610.0503
da5b4104-0599-4376-9b6d-108db1c9a589,10b1ad34-10d4-46e4-aa53-2450f6bdd555,2023-07-05,351.025,0,0.9309,0.9309,0,1,0,8,1,298.8648
6a61bf51-d9b6-4fc6-b5b7-2032fb46bea2,2f6c56dd-85c2-4d6a-9ba1-bc80dea266a4,2023-07-05,3776.035,0,0.8987,0.8987,0,1,6,15,1,558.506
287609b0-2a47-4321-b04a-1f8f66f34ba5,a80924c6-4fb0-47fd-a530-cdf78cbdb544,2023-07-05,5184.07,0,1.1438,1.1438,0,1,0,5,1,129.0917
4dadec77-f37f-490d-897b-109ba35759d8,643f0bd5-0796-4490-9686-6d6c3646225b,2023-07-05,55.525,0,2.8516,2.8516,0,1,0,1,1,47.726
83b1654e-178b-4680-b580-5b6427bca2df,a46e0579-b051-47d5-abfb-2c26de4c0457,2023-07-05,3613.28,0,1.0533,1.0533,0,1,8,30,1,714.7575
54a365ee-48ec-4165-b69f-69506168c415,f111adcb-85ac-4c75-b303-02fc360ea7cd,2023-07-05,110.36,7,0.8702,0.8702,0,1,1,4,1,193.5455
2dd236cb-1ad8-4f60-b36d-d910b320536f,177365c6-6b44-4818-82ab-7b7b5c8cdea1,2023-07-05,42.12,0,2.2086,2.2086,0,0,0,0,0,0
8e6f40cf-6731-4128-9bbc-434d362b015a,89d20855-7904-4af9-bde9-7e772fbd157f,2023-07-05,25.84,12,2.4165,2.4165,0,1,0,5,1,249.8802
8bcb1565-5dd5-4cb3-899b-c470d9e582f7,cfe1d55c-141d-4bbd-ba89-47392797cf6b,2023-07-05,661.945,0,1.7254,1.7254,0,1,0,0,1,18.1073
d40cbc6d-3da1-48d6-a307-c08b3e34a487,2ef5cd3d-e16c-483a-97f6-b1491ed9e583,2023-07-05,3498.285,0,0.8797,0.8797,0,1,0,23,1,510.3565
0b071faf-eb53-4bcb-906a-2f6e560d810e,95d8cc47-4ab2-47e0-82f7-0327e26a1a75,2023-07-05,220.695,0,6.5988,6.5988,0,1,0,1,1,0
90303d2c-9f39-4ab1-888c-49bc5a04cb2e,cd229155-6c94-46a6-b10c-65e82b199286,2023-07-05,237.44,9,0.9667,0.9667,0,1,0,30,1,527.8761
2c3e77ef-39a8-4c69-840b-e6fad5e92eb8,a946db07-4268-43f5-9e63-79fe2457afa2,2023-07-05,29060,0,1.2546,1.2546,0,1,2,10,1,5413.4984
340ae02d-e653-4d2f-afc7-216871dd97c3,343c641e-b901-4b7a-b072-9bbc9574038c,2023-07-05,845.69,0,0.7418,0.7418,0,1,0,14,0,2351.7797
58ab2bcb-ad84-4695-9aef-d9467e39b847,f12cbd3e-e15f-4bde-92cc-48163b842947,2023-07-05,174,0,0.8526,0.8526,0,1,0,3,1,569.5329
d7aaae62-abd8-490f-81ad-f40e122aeb9b,83f66598-50ec-429e-92eb-6d6b8e8ccae4,2023-07-05,3957.79,0,0.5374,0.5374,0,1,0,4,1,1692.9118
55c8ffec-c1cd-4f97-8582-4903915a8dfa,4fbe227e-006b-4df2-9841-8a68fb6cf58e,2023-07-05,6038.84,0,0.5719,0.5719,0,1,0,25,1,366.862
0e219f73-d735-4339-9e48-b2ab43b277ef,f4d0370c-53fc-47fe-a3f0-c82968fd9956,2023-07-05,267.13,0,0.9551,0.9551,0,1,2,1,1,288.4124
2f03ca1a-21b1-400c-a97f-9f488562ff80,c29e0ff7-7362-47d9-b6ea-bb825928b4eb,2023-07-05,3.15,9,2.8965,2.8965,0,1,0,2,1,249.327
8e7988c1-08ec-4617-b147-897024d54d93,afd11937-cbf3-4f91-b058-aeedd55efd24,2023-07-05,22.85,0,1.2793,1.2793,0,1,0,1,1,797.8552
cc65a83a-3125-46f2-818e-2afea4214a9e,544336f7-4342-4eb1-a87b-04f7656e7d5e,2023-07-05,0.575,3,3.2402,3.2402,1,0,1,0,1,0
aa25cbe9-119b-453c-bcdb-9905ad1cc00f,d229777c-fecc-4c14-85c3-d66864566679,2023-07-05,47.36,0,0,0,0,0,0,0,0,0
95175b13-e4a4-464c-86fe-d2b49ac93bec,3555c874-c41c-4a8e-8285-1a0a783682f0,2023-07-05,496,0,1.9999,1.9999,0,0,1,0,0,0
fe0c1f9b-ac47-48d1-82fd-6fd482c6172b,6abae713-5e3d-4fe6-90b9-8cf33e713575,2023-07-05,651.035,0,1.2543,1.2543,0,1,24,9,1,99.2441
4e2fb21f-cbfb-40d2-b143-1bce00c97b76,64859059-af19-44c3-b6dd-ac2da6e5148e,2023-07-05,1955.75,0,0.8257,0.8257,0,1,0,14,0,183.7938
dacee34e-92c9-4c9a-9e18-c41c4aaf8236,ec0b6661-ee9e-4eb6-a30a-a49f607e4f01,2023-07-05,274.46,0,1.4497,1.4497,0,1,0,4,1,78.8014
7d05716f-ca4e-47b0-bfba-5bfa24c65d2b,22cf061e-393c-451c-8ddb-d0fde8d903d1,2023-07-05,1319.405,0,1.2504,1.2504,0,1,0,2,1,992.4941
7d6fe62f-184e-4247-8b89-1e8d9ab7c316,ca4a56c9-caed-4441-bf04-91c332a2fefb,2023-07-05,4288.94,1,1.5339,1.5339,0,1,0,4,1,1182.5804
ff7734fb-eb5b-4a90-8b86-13287c3e4777,5a138103-8c21-4e1d-bc6a-9f7e0feba5cd,2023-07-05,0.05,3,1.008,1.008,2,1,0,5,1,153.9309
6188ba2e-c4d0-42f9-8af4-ef995f98b066,6b98596f-48e0-40c7-a297-815cd7556cac,2023-07-05,1629.15,0,0.841,0.841,0,1,0,83,1,816.7326
161c5f65-2c06-417c-999f-82552f60b1c1,95511088-4b1a-4486-8db7-0de0699f2f52,2023-07-05,170.115,0,1.2956,1.2956,0,1,1,6,0,161.5978
fd699ec4-be59-4dac-8e38-e37748a2e731,948ca6a6-8ae5-43c8-bd80-53ab1fea286e,2023-07-05,1634.92,0,1.4971,1.4971,0,1,0,4,1,510.287
035b5594-8802-45e7-aa57-771cd3651af0,414d7922-15a5-4b92-b710-574f41621ee4,2023-07-05,1405.33,0,0.5137,0.5137,0,1,6,24,1,431.9851
201293dc-7494-41bc-b9dc-6f996ca6b486,50795546-6189-48b8-99a0-9c65a0b46ca8,2023-07-05,3801.595,0,0.2268,0.2268,0,1,0,10,0,181.9677
8c2e4e72-03fe-4245-baa0-9b7f745f8d9d,0795f0ea-05e1-448f-9c6e-8127a29b5408,2023-07-06,38.825,0,0.9852,0.9852,0,1,0,3,0,651.2104
a7c70a0a-7d63-42d9-aa6a-12985a3a8abf,ed85ddf9-fd17-4409-8799-f731359d3027,2023-07-06,1199.15,0,5.148,5.148,0,1,0,1,1,32.8741
36550409-cab1-47a8-addd-e79c18618f61,fcb690cf-5ffa-4d2b-9ff3-ba17abed0aea,2023-07-06,78.17,0,0,0,0,0,0,0,0,0
ed65d3f6-dfc0-4e04-9b1f-ffda6fe01baa,9f0d3e60-d890-45ba-8c25-1ce2f85ddf6a,2023-07-06,7568.3,0,0.6936,0.6936,0,1,2,10,1,3705.6706
1e273f3e-54cf-4961-8d99-c204f7d45dbc,a414c5bf-4ad1-4d48-b061-5713b2925932,2023-07-06,4.64,3,2.0834,2.0834,0,1,0,3,1,101.8332
ffad3a98-98c5-4687-8a60-8b3dd440d37e,6a40690f-d608-471f-82b8-ff185e334c7b,2023-07-06,160.83,1,3.1485,3.1485,0,1,0,1,1,636.3961
008a4b9a-0005-434c-a226-fdf88394c032,a0b5023d-94ef-46bb-b9ee-8c2e04b338e1,2023-07-06,283.94,0,0.6196,0.6196,0,1,0,5,1,123.5086
13b7604d-22a8-44a6-8e93-bff6e38cb85d,d98bbdc8-ea34-4c8b-a428-c09674fdb939,2023-07-06,1611.88,3,6.5304,6.5304,0,0,1,0,1,0
b19f3c50-5759-42dc-852e-e053e2572ec9,ad7ec048-d061-48f6-a0ba-09dff48b5a4a,2023-07-06,665.58,8,1.4395,1.4395,1,1,2,5,1,305.581
d670b13f-16a9-438f-a367-a14f1a7a05bd,e359aeea-bda1-4506-8c97-95a6ccccbea9,2023-07-06,1904.08,0,0.8151,0.8151,0,1,9,28,1,355.8029
4cf8a62f-b485-4fcd-a2d4-f30a19ef0a42,8cdc7c7f-3dc2-46c5-8b09-cd8dbb812aa7,2023-07-06,2619.89,0,0.4519,0.4519,0,1,1,5,1,600.1634
89220c6c-8d29-42ce-9909-f5ad6dbd9329,b114dbab-7d83-4592-b310-3b53a94839c2,2023-07-06,552.175,0,0.2221,0.2221,0,0,8,0,1,0
769d290d-8810-4d85-8ee2-bc905c96f3e6,3645fd5c-df97-4295-94ba-9c127fe1b1a6,2023-07-06,5825.39,0,0.8125,0.8125,0,1,13,56,1,182.4502
c2528731-26a1-41ce-9d2c-aaa2157a79b3,b7b6b97d-92aa-445a-9361-d57f30552402,2023-07-06,3.76,2,1.1472,1.1472,0,1,0,1,1,1950.6169
f039e0e6-15d2-4d45-b3cc-61946cca1986,6147054b-f672-4110-8bd9-25c657d45f5a,2023-07-06,817.19,0,0.7,0.7,0,1,25,10,1,117.1939
0f77e935-857c-4638-b1e9-ead1cb72e081,703114b7-fbc8-4e6e-bb63-78b87ae4b340,2023-07-06,1035.71,0,1.6253,1.6253,1,1,0,7,1,835.7511
b6b0c1d2-f82b-43cb-be45-7cecfacde955,5fb0ff9b-1ed9-4be0-948c-b9dfd45339bc,2023-07-06,57.27,0,0.8563,0.8563,0,1,0,9,1,72.3177
409315a8-68d7-4c3e-b7c4-98177e9d0115,7a2daa23-ea87-407a-9729-2ea17a0a5641,2023-07-06,823.61,0,0.8909,0.8909,0,1,0,12,1,1139.2497
3b4943ba-c705-4a77-b6c4-cf18c6008f79,89fa7445-7d80-4948-b4bb-c216dccbb111,2023-07-06,1783.605,0,0.5588,0.5588,0,1,1,9,1,1019.3029
01d37391-b0c8-4b6f-865c-ea27d7f0aaa9,06d4028a-7fea-433d-86f5-90008afa827a,2023-07-06,792.71,0,0.4459,0.4459,0,1,0,4,0,65.9769
b520026d-d4c4-4b14-a455-bc7429ca69a1,805ba214-5023-4a6e-b368-5d1eb28fbc10,2023-07-06,86.995,6,0.9582,0.9582,0,1,0,2,1,5344.2337
1ee4bdba-f666-4fa7-9104-1c63b2bebcc0,a0f560f4-0d9c-43bc-87b5-ca977dc22c57,2023-07-06,660,0,0.9148,0.9148,1,1,0,2,0,176.7767
2b16488f-adc8-448d-9ac7-2b2d0047a2f3,f4a08fe1-e387-4ffd-876a-3bffa6a21191,2023-07-06,1259.33,0,2.0192,2.0192,0,1,0,3,0,135.3417
5635db95-fe8c-4133-b99a-92e656bfa26d,519abf75-fd46-462c-a457-9a1e8273fe9f,2023-07-06,30735.2,0,1.0918,1.0918,0,1,0,11,1,747.6131
1890cd3d-d358-4019-a9f9-2f6fcbdce64a,37312ef0-df58-41cb-9a8f-189a03684629,2023-07-06,301.13,0,4.7358,4.7358,0,1,1,2,1,88.636
61807ada-7903-4456-852b-79ee372900e0,c8e0a7f8-4579-47b0-9a9b-103673c8ccd1,2023-07-06,10752.16,0,0.8488,0.8488,1,0,0,0,0,0
8f21bb4b-c689-49b3-a305-22199327dd98,b2981904-bd73-4cee-8ad6-9765ffa02f28,2023-07-06,1997.17,0,1.4462,1.4462,0,1,0,1,0,0
d3b425d0-6ea9-454c-84b8-cf68180e8955,60378df0-8d1f-450e-8670-fa00da8ac773,2023-07-06,0.05,0,0.8874,0.8874,0,1,0,2,0,405.8434
b3fd269b-958b-401c-9109-620ec7ec7f05,f58c749a-b45c-424d-9a40-f89bb6ccbebc,2023-07-06,3352.27,0,2.5435,2.5435,0,1,0,4,1,306.533
90ed8620-31c6-480b-9789-45308c0a4c1c,0e3383b5-3361-4520-af0e-8ee2664546b1,2023-07-06,702.995,0,0.4803,0.4803,0,1,2,1,1,111.836
9b31743f-3305-4ada-bc86-9bf7e44b49fa,20a0134d-c56f-49cf-8dcd-f864761bdf2d,2023-07-06,16518.69,0,1.0721,1.0721,1,1,1,161,1,676.5936
f598c139-7247-45e5-a5d6-067f65e969e1,9f524374-a4a9-45f4-8f25-dc7c63f4c3bd,2023-07-06,117.845,1,1.1083,1.1083,0,1,0,4,0,311.4887
f6563b65-a528-4ad1-b1b5-cf0591e66d2a,6ebc310e-fff4-4b3a-a3c1-b8bbf9da3bd5,2023-07-06,486.67,0,1.1052,1.1052,0,1,10,14,1,127.5092
e854871a-51aa-4ded-a83f-e6c145c861b4,9b818f53-93b4-4b38-a4f9-76774377057e,2023-07-07,516.1,0,0.9418,0.9418,0,1,6,30,0,120.1565
cb0543c4-085b-4839-9d01-5b050dd47c03,4f58219a-432a-4997-9f3f-9d23db9c858c,2023-07-07,244.16,2,1.5068,1.5068,0,1,1,10,1,78.628
fad26559-31a9-4b7d-a51b-e31b2346c074,158d4811-cf29-4624-8623-bed3b5808e11,2023-07-07,109.705,1,5.0661,5.0661,0,1,0,0,1,16.201
bb00d374-8a8c-48f8-9ce9-9c384649a350,685b91cf-d2c5-4cfa-b1ef-0163998f7618,2023-07-07,1545.23,0,0.4655,0.4655,0,1,3,4,1,588.9713
e4e10222-daf7-4f27-9b86-c506b6886e9c,6fb644ac-1bed-485f-8974-516b43fccb1e,2023-07-07,762.53,1,1.368,1.368,0,1,0,44,1,308.8612
a3a11a3e-ae87-42dd-9777-82a19a0ac006,32d7575c-b35f-4682-87a0-9b85ff1daee3,2023-07-07,1881.73,0,197.1465,197.1465,0,1,0,0,1,0
fa73f2b1-7b99-4ad1-8d64-36937e3e6fa7,5cdb3130-b02c-4a83-b895-7804da979269,2023-07-07,212.02,0,1.0656,1.0656,0,1,1,8,1,77.2659
e9fd9462-4d1a-4d28-bcf3-61a9c2b23328,8fdfbe2f-8fae-4eae-a41a-e6e4b0e5d157,2023-07-07,5439.78,0,0.9932,0.9932,0,1,1,99,1,420.3572
750aa9ef-fbd5-4306-96c9-eed6846325a7,9590fbc5-a5be-4d3b-8875-2f93fae654d7,2023-07-07,3670.395,1,0.8951,0.8951,0,1,15,2,1,475.5152
fee150fe-6564-44c5-b7cc-c84a1b59d7bd,f3ecdb96-2db2-4ed9-b50a-70de2666501d,2023-07-07,1631.61,0,2.0493,2.0493,0,1,0,48,1,409.2624
45ece2a8-bc88-47bd-85f7-3bd2beefffc1,c8affe32-3330-4f2b-a6b6-9f9cab197c15,2023-07-07,7138.89,0,0.5012,0.5012,0,0,4,0,1,0
2e62cb46-9857-4cb6-ae67-994e4c2cea9d,633201ea-1155-4710-93a8-8186a0336c72,2023-07-07,141.24,1,0.5713,0.5713,0,1,0,5,1,317.7528
73c00b4f-b3a6-4b9a-9b0d-139cf0746493,1033402f-2ec6-4ed1-b9db-2e0c7f3e7b90,2023-07-07,0,1,0.9017,0.9017,8,1,0,9,1,178.9323
577feda0-7d3e-4fed-b7db-f00377548a48,d44265c5-bbe3-42d0-af23-c78485936870,2023-07-07,30.815,3,1.1056,1.1056,0,1,0,1,1,88.8137
14f7cd63-1414-416a-a332-ed9ca197ac55,9545bd32-423e-4290-943b-9fe977939a84,2023-07-07,22614.13,0,0.4213,0.4213,0,1,3,2,1,22215.929
df8e8017-d543-4296-b730-15cca49f6622,ce467f85-12b1-4c5e-9fa6-d160cf7c3548,2023-07-07,40438.33,0,0.2571,0.2571,0,0,0,0,1,0
34f38d62-6326-419a-a185-476d99ca05b8,66ac0c85-8413-40e9-ad76-c0c81b852dd0,2023-07-07,308.445,3,1.2802,1.2802,0,1,37,2,1,31.3433
a0273a36-d6b5-43c4-b216-ffdbcf08eeff,6893db19-7eb1-4877-a73f-33444fcaaa6b,2023-07-07,85.73,0,0.8907,0.8907,6,1,1,3,1,230.0751
4ba861ae-8145-4ed3-9ead-2a686f1d52c0,4bd60248-d7d3-405a-97e1-039c6206bcff,2023-07-07,378.26,2,0.6158,0.6158,0,1,0,1,1,0
44f4a870-275b-4a93-ae13-161575c97e8f,9b9283a5-c773-43c1-af0f-c7b885e953e3,2023-07-08,856.87,0,1.082,1.082,0,1,0,6,1,103.2173
5a5f6a21-d6ba-4e30-af2d-989d4ade8290,16fdaff5-89bc-438a-a309-fb24bf99d6cf,2023-07-08,23.16,1,1.3795,1.3795,0,1,0,1,1,90.141
a6fad988-0dad-4d73-b2a6-62b45537b4c0,0a6e0280-6f86-4b51-85fb-a1eb5a64d255,2023-07-08,914.105,0,0.7538,0.7538,0,1,0,6,1,761.2456
1e7e3b27-deb7-40c9-aeb3-6f358d46d6f7,1b76b77f-8fa3-4d17-9874-82518ae20f14,2023-07-08,1.76,6,0.4594,0.4594,2,0,3,0,1,0
95784751-e614-4865-9c70-fd6f8dc04645,c9e3f22e-f3d1-46bc-bec6-f52c086e2f9a,2023-07-08,24386.65,0,0.47,0.47,0,1,32,13,1,818.2997
30b6f639-db62-4749-9c14-2b29bce07bfd,200b1a0c-9a5c-4750-bfd1-837c74251d30,2023-07-08,389.43,0,0.6248,0.6248,0,1,0,8,0,120.1261
1358b892-2150-402b-92b7-4bc7a8995894,77097339-0993-4938-83c1-07682abb6158,2023-07-08,4951.795,0,1.5942,1.5942,0,1,0,119,1,557.1633
cbcc21dc-0231-40e3-9b34-a3b5dc07e954,4edade5f-662d-48f6-a3c8-24aba44a4fe3,2023-07-08,29987.185,0,0.7769,0.7769,0,1,0,5,1,13579.4187
879ff9a9-44ed-4514-9c7f-8da483f92ee9,0f2f978c-8741-4441-badd-8609e62241b9,2023-07-09,6.43,9,1.3159,1.3159,0,1,0,5,0,111.8375
f7002d37-e92e-42c3-a33e-c4d4f402849a,9f5f2e12-35e9-45e0-bfdb-0f65eaafd11a,2023-07-09,1049.93,0,2.8783,2.8783,0,1,0,1,0,0
c9afb77d-2823-452d-9218-28a4b5bd377a,b7b69180-affb-4b26-bf3c-e63a4578e64d,2023-07-09,2613.63,0,0.8169,0.8169,0,1,1,202,1,926.2396
5fcbf5a7-e79d-43ca-a61a-f9b723e23eb8,8299b763-3e68-4eb4-a844-729acde8aafb,2023-07-09,181.38,1,1.7103,1.7103,0,1,0,2,1,259.5348
57d79fe6-15b9-41ca-a3e9-b5f9996b818f,239ae672-c3ae-4820-b9fc-56f7c6434847,2023-07-09,1104.195,0,0.9997,0.9997,0,1,1,1,1,352.3513
5f8ea0e0-0066-4bc0-8093-da74e7a35027,99882715-5d85-4bea-9d43-84a7ae9f2ee9,2023-07-09,10071.44,0,0.7459,0.7459,0,1,0,14,1,5249.9412
bbd9be62-9a18-469a-90bd-67c4134e696e,be6cc488-a117-45b5-93de-9718d3b8736a,2023-07-09,3.21,2,1.0652,1.0652,0,1,0,6,1,443.4178
3bcc853b-c838-455a-8752-76fa564060d9,dced90dc-51cf-4cf2-ac95-a1e4731473bf,2023-07-09,201.12,0,1.1606,1.1606,0,1,0,6,0,156.7056
a6410e43-548e-4c04-a262-3894ac15b695,6ed6f1ae-9b8e-4f75-9e16-288671c2f265,2023-07-10,0.04,3,0.9971,0.9971,0,1,0,2,1,365.4807
03064174-6ad6-4b11-be38-2c58eb5c15d8,e6fef588-c038-430b-a830-305080f3d9c7,2023-07-10,93.3,0,0.9686,0.9686,1,1,1,9,1,191.1013
5cbc452b-8b6e-4e72-9df9-a1987b8c4314,d20183f8-2078-4bdf-8ee3-7eeddff2a7f4,2023-07-10,71.265,1,0.6865,0.6865,0,1,4,3,1,1968.1219
9f97d6f3-9e7a-4faa-b2ee-da349868034e,aa6dbb07-8e42-4637-8850-7625ea17173f,2023-07-10,1232.25,0,0.1132,0.1132,0,1,0,11,1,1439.5343
0555ea09-9535-4851-a242-c87ec27f935e,2920a30f-1c77-4ed5-b40f-b0e86891fe24,2023-07-10,7552.875,0,1.7537,1.7537,0,1,0,78,1,2165.9713
7161dd53-7223-46cf-b933-045130bc659f,2ee31b4e-4ebf-4adf-b290-6ec587b22be6,2023-07-10,1237.28,0,0.9176,0.9176,0,1,0,31,1,1483.2068
8f30b88e-546a-479b-8576-abe149bd6a02,46fb696f-8563-451c-8238-19dd16339231,2023-07-10,747.63,2,1.3738,1.3738,0,1,63,50,1,194.6261
5cf5f9c5-2db2-4f44-8444-6a5089cf58fe,59869c04-a0c6-498f-98b8-60eff52c3f16,2023-07-10,5914.5,0,1.4501,1.4501,0,1,0,19,1,2128.8493
8b828cca-d270-4955-ad8b-7c5b88913d7b,7faaf675-abd3-45a0-ae13-430899e5928e,2023-07-10,568.75,5,0.7766,0.7766,0,1,21,1,1,94.3123
13c075e3-4d22-40f5-8382-f5b6644286f6,03ae5fdb-cdac-4524-a5d0-458f980db2f3,2023-07-10,1128.03,0,2.0037,2.0037,0,1,0,11,1,372.5528
d6716810-840e-47cc-8f36-ac2216f8d294,68c2ced0-a240-4703-b97f-b9ddb8c25de4,2023-07-10,957.63,0,0.4452,0.4452,0,1,0,7,1,1951.5904
94ee0091-1767-41a8-a98f-924e8ba1c9b4,663285e8-fc80-4b1d-b9ea-6be4f0e992e8,2023-07-10,29634.275,0,0.7033,0.7033,0,1,0,3,1,4936.8498
23feef08-2f5f-4b78-9798-5da048f0443f,ce0d95a3-667c-4a37-8f14-7d0959a81ecd,2023-07-10,33.51,15,1.1142,1.1142,0,1,0,0,1,17.7292
5ab29ba8-90d0-41f9-b4f6-a82501433b68,f19a5889-55d3-492b-aa49-6296dde427b7,2023-07-10,963.29,6,1.42,1.42,0,1,9,10,1,999.576
145fc61e-9d51-4ac9-b667-1912a02fc75c,ba4a1ed9-630e-45b2-ab4d-17dc4e9f1bf9,2023-07-10,2056.18,0,0.3667,0.3667,0,1,7,1,0,0
8ef49127-1f4d-4c62-9200-ce7cf0f91839,164e9d70-8774-4dd4-a6cd-97315643f440,2023-07-10,1933.6,2,1.4302,1.4302,0,1,4,6,1,8731.7686
fd0ca009-5c96-4963-b9b5-f7943c1d440b,c73cc304-9502-438e-b4b3-42fc72d01859,2023-07-10,590.835,1,1.16,1.16,0,1,4,33,1,207.9729
b0014c0f-e062-4c90-95c5-0e80b439ff34,92d6e259-cdd3-44f8-b9a5-69c1cbd2b8f0,2023-07-10,3643.08,0,1.0318,1.0318,0,1,0,5,1,6417.3074
9b599ef4-a7c6-4b56-81c2-0000933ee414,62d9a663-f3d6-420e-9fcf-95d9f72f0f8d,2023-07-10,125.595,0,1.7548,1.7548,1,1,1,8,1,135.0776
c6017f3a-bb86-405f-b8dc-fa162bf7732d,acbe884e-c377-46d2-bbb4-d4d5f59fc825,2023-07-11,1468.82,1,2.3069,2.3069,0,1,1,1,1,79.9031
e8112d18-8528-45cd-8766-053dab3bd152,052a1d34-b586-46dd-beeb-f4668dc2d499,2023-07-11,63.56,4,0.9061,0.9061,1,1,0,5,1,235.5828
3637118b-7910-4059-97a7-707d92597193,89ee77f1-7d82-43e5-a0b9-a3b662e543bb,2023-07-11,156.825,2,0.9697,0.9697,0,1,0,20,1,132.4991
750783c1-8c22-4153-ba3a-f8cf61be118f,a45c2c94-0acc-4277-9925-bad7542c20d1,2023-07-11,3726.195,0,2.3477,2.3477,0,1,0,1,0,0
291b328a-7ec3-4eec-bc01-4467d7b865e2,3a530d18-cbb4-40ab-82d8-63f49e8f30cf,2023-07-11,156.97,0,1.0177,1.0177,0,1,0,8,0,61.3482
4f991833-efca-4bd7-a1e8-d3e9676319f3,4d582319-316f-4d39-9082-b143f346e920,2023-07-11,2352.14,0,1.063,1.063,0,1,0,28,1,1534.7104
8ff16cde-0724-47a3-9d3f-0b31154265eb,aa0b19b9-fd77-4ea8-a35e-e9f227083a62,2023-07-11,476.765,0,0.3201,0.3201,0,1,2,1,0,147.8914
f86bb8cb-aaf6-437a-b63e-71d3ecaa8a07,f61bd683-df3f-490e-b8c7-0cfad926abd1,2023-07-11,154.33,0,1.0148,1.0148,0,1,0,4,1,91.3951
fea93015-0d3e-4bd4-a972-74f88c08987a,3a3fb09a-f5d0-4c57-9a2c-be3cf16dd84d,2023-07-11,1906.665,0,1.6796,1.6796,0,1,0,9,1,2822.4221
707c1dca-2861-495f-9b12-eb8181225fd8,2b6a2514-e9a4-4f03-b958-a9be5b7f8d60,2023-07-11,104.09,3,1.0447,1.0447,0,1,0,7,1,590.2495
24950c3f-e725-4090-8be6-a412102db5bb,d0104fef-5c29-4726-bfac-f24fd4356d88,2023-07-11,1941.95,0,0.8767,0.8767,0,1,0,3,0,433.0127
213a0c10-6f1a-4b34-a149-a1f73e4bb9e5,a5fe8d9d-f9e7-47b0-aa27-be6fd2cae3df,2023-07-11,258.33,9,1.0092,1.0092,0,1,0,4,1,3311.7018
057fc29e-6949-4944-81fb-17ad79b2045d,4db252d6-e384-4bd3-992d-69558444d2a8,2023-07-11,11626.675,0,0.7261,0.7261,0,1,1,13,1,1765.1753
dc738415-7668-4f9c-b7ac-4d0f97c5c623,45dd8d88-6250-4632-815f-f27967363e57,2023-07-11,359.24,0,0.1523,0.1523,0,1,0,10,1,102.8262
68947437-21e4-444e-8da2-9907f520e527,68d36a89-8ed1-4696-bb74-8ecd01526652,2023-07-11,46.09,2,1.1289,1.1289,0,1,0,12,1,3156.3956
7c5a5f2a-1198-4db3-876d-b3c2674c6d41,f20389c3-3d9b-43d8-8f7f-56d64208e07b,2023-07-11,4608.875,0,1.7589,1.7589,0,1,0,35,1,703.6941
4cf08d6f-2fed-4223-bcc7-bc96da3a492a,0dc498bc-f77a-4e70-804e-94132d69388c,2023-07-11,283.61,0,0.6402,0.6402,0,1,0,1,0,0
5dbb3e39-16ba-45dd-8501-d2440618d205,4cd20877-72de-4e86-90a6-1edf7d783789,2023-07-11,1073.11,4,0.6445,0.6445,0,1,3,2,1,99.0011
2f0f44f5-d530-4ea3-bddd-3283c5863425,81fd3071-2ed8-4fe7-816b-21577d851e9b,2023-07-11,77.995,0,0.809,0.809,1,1,0,4,1,195.5323
ae7d4847-43bc-46ed-bc83-36e6868cce03,9a02adf6-b1d6-40ec-ae67-46c93b243d02,2023-07-11,14491.93,0,0.4928,0.4928,0,1,0,1,1,1120.7735
823ef90f-6773-4440-aaae-b683a209ce5b,244611f9-c036-4404-bd25-e54e033310e8,2023-07-11,46.005,3,0.658,0.658,0,1,1,6,0,592.5506
3d265a5d-7d2f-4ba8-95f9-202106cedb40,0ee5c4af-35cc-4429-be7e-0efaed45fa3b,2023-07-11,469.885,0,0.8393,0.8393,0,1,0,3,1,4414.7454
8ca31657-4a68-4a8b-b44b-830057995953,f7bbdb20-059e-4408-824e-a820abdc3b35,2023-07-11,747.75,0,0.8502,0.8502,1,1,0,3,0,1861.2693
3be85b1e-07d7-42aa-9a29-2e8b230783dc,5bdd4eb4-1506-459e-865c-a49c6ce0d454,2023-07-11,1091.13,0,0.9935,0.9935,0,1,0,2,1,2043.5386
94d2f3b0-31fd-44f0-a27b-89bc9fde4e1f,fa4f6b65-6bbb-4554-9720-c4329e485562,2023-07-11,3102.9,1,0.4616,0.4616,0,1,10,6,1,3615.9946
07fff37d-1e61-4d29-bbbd-a44c3e20eeac,31ac6382-0081-46b2-b007-419937ac0c41,2023-07-11,930.08,0,0.5855,0.5855,0,1,3,6,1,1626.0461
c1e2d172-998c-45b0-9309-6b674d1cea60,2d9a5aba-0fed-4e18-851b-106c73888d43,2023-07-11,1045.34,3,1.1542,1.1542,2,1,0,5,1,254.5336
33ab7821-12cd-4e21-9273-90724487bd9b,77fbf32c-d4e1-4b9f-9aa2-90e624e1fec2,2023-07-11,190.52,3,1.283,1.283,0,1,0,16,1,205.3948
833f298c-bf38-4260-aabd-970e5050443a,7f10dbab-778b-4bee-b618-5bd6bec6770c,2023-07-11,759.435,0,1.0236,1.0236,0,1,4,94,1,117.3535
bdb725c0-8d4a-43f9-be42-3a42a69f8cdd,b6a1085f-44b2-4e2e-b2c6-ebf3c6162315,2023-07-11,140.08,0,1.1555,1.1555,0,1,0,9,1,170.2847
f404b3c3-0ec5-4538-8897-a37eeb339710,e0d87af4-d50b-47d1-923a-5d4c0eadef7f,2023-07-11,10169.035,0,1.9645,1.9645,0,1,6,25,1,1651.6795
fb48e03f-eb72-4776-ad3d-971b12b1ad61,3ea1b579-67bb-47cb-9cea-50dd1ea67571,2023-07-11,743.96,0,1.408,1.408,0,1,0,5,0,129.7655
4e9fba31-76b6-441e-aa64-b29eee58628e,df096373-7a8d-43ab-b667-9c9a4d728aea,2023-07-11,71.3,6,0.9233,0.9233,0,1,1,34,1,493.8434
8a22bbbe-d90b-4af9-9b91-82516d151fa5,da5afc81-8847-47b5-98a6-11a470c9c6ae,2023-07-11,1084.8,0,0.1329,0.1329,0,1,0,4,1,640.236
480fcbb6-3fd9-4400-81f8-cee85ab384f8,df052abc-eac5-453d-8e21-444f545027be,2023-07-11,218.88,0,0.4935,0.4935,0,1,0,5,1,2381.7361
8449e213-061a-4a2a-9d80-3eea5601a84c,9d465a57-f085-4e8f-a753-21da1abfbe50,2023-07-11,24886.89,0,2.1077,2.1077,0,1,0,2,1,291.7829
2080e9ff-f800-44bf-b6d0-ae6adc8ea438,b369f32c-f19b-46c3-aad5-e4bf11dfb528,2023-07-11,27.97,3,0.9358,0.9358,0,1,0,3,1,197.1255
bb28371a-2847-4400-b2d0-52f9d953b9b1,5d681e06-489c-409b-b9e6-eb126a0a0c82,2023-07-11,452.96,1,0.5743,0.5743,0,1,0,34,1,515.0925
b11431c4-7e86-46f3-aadf-9e6891867784,96809c68-793e-481c-811f-c6e004d17525,2023-07-11,175.545,0,8.2081,8.2081,0,1,0,1,0,0
f132b97a-b33d-4239-bd8b-ce8786fa3787,3836f178-c94a-49d5-b6b2-2230a86cf2ac,2023-07-11,268.49,1,1.2118,1.2118,0,1,0,9,1,333.3146
ffa5f918-6a96-4639-85d1-aac499e764a6,0a852b93-d051-453c-8dab-b7040a49747e,2023-07-11,1590.68,0,0.6908,0.6908,0,1,0,2,1,885.2835
94c0c375-51ef-49a5-8739-0f80cbe41cd2,8b067cbc-2d26-432b-921e-6566449d3b4b,2023-07-11,276.965,0,1.2075,1.2075,0,1,1,0,0,0
b2c72583-0fed-4871-a03d-6d5dfd66b6f3,49d5b255-e003-472a-9778-fe8e60d7d982,2023-07-11,36.17,2,7.723,7.723,1,1,0,3,1,152.927
a18740c1-4e3e-4ee3-aab4-050bd98f8c25,61b2c4b0-e598-4f0b-bcbe-cdcd599b9bbd,2023-07-11,32.81,4,1.0084,1.0084,15,1,0,22,1,671.1536
e87dc7f6-03d1-41bd-9d7e-52c677e81241,63f77caf-c6b3-49e7-8a23-95f85e34db58,2023-07-11,789.86,0,0.4095,0.4095,0,1,4,8,1,266.0909
77ff223e-f481-42a4-a164-f4b16412ab60,920deb12-068a-4b24-aeca-bb6c9dc80761,2023-07-11,3454.7,0,0.0763,0.0763,0,1,0,6,0,508.6136
57c0933b-2068-47b2-b1ac-4738da1dbc7a,fc9458ac-323f-485f-a41a-1cac6dbe7280,2023-07-12,82.155,0,1.4314,1.4314,0,1,0,5,0,201.3653
aae2741b-fd17-49ea-a53c-a3f7832cbe3a,6dd7582e-7b65-408d-a1a6-4e12e6a4d408,2023-07-12,902.54,0,0.7927,0.7927,0,1,1,35,1,247.9813
e3fe26a7-7a45-4920-a383-c1297407cce7,95baf480-96b6-4c13-a089-105f719dd01c,2023-07-12,1297.515,6,0.9931,0.9931,0,1,12,5,1,474.5217
2c3d71db-c0be-40b6-9221-5521f43513d3,c1111b6f-8038-4673-b22d-5ba99ad9281b,2023-07-12,421.27,0,0.9187,0.9187,0,1,0,26,1,643.2306
8b205fd6-6eac-4293-b4cd-ae7eb7d96ead,ec9b09e5-838e-4ed2-8e8d-737a6bd2dc87,2023-07-12,1.52,0,1.0016,1.0016,2,1,0,8,1,130.69
73807ebf-ce3e-4f8b-a633-64ce443e568b,f55ac78a-1537-4fec-a8b0-8a28f567482a,2023-07-12,1206.955,0,1.0063,1.0063,0,1,0,78,1,115.166
4ba6da3e-f83e-4b6c-936f-95120d9078fe,7fed7d65-fb2e-4e0c-8531-22b839d3e078,2023-07-12,31451.235,0,0,0,0,0,0,0,0,0
6afa23bf-7713-4e19-af76-fa9fcc859269,49513622-d70d-498c-932c-23309de5ebbc,2023-07-12,95.425,2,1.1912,1.1912,3,1,1,33,1,252.7799
fd8159a2-5001-408d-a441-619c8253b8a5,be09d2d2-fcd5-49ea-b9a8-4dd1965583ca,2023-07-12,375.8,0,1.5971,1.5971,1,1,2,3,0,425.5458
e126cb2f-146c-4ccc-9c9b-a58e8e79151d,ec9ce67a-bf6f-4b0a-91de-c3f63214c9f1,2023-07-12,295.6,0,1.1906,1.1906,0,1,3,1,0,1682.2585
943e0a7e-cbc5-478c-8a43-8510ffee196c,0bf58443-0d98-4773-bed3-b0408c1dd440,2023-07-12,1424.415,0,1.6622,1.6622,0,0,0,0,0,0
58419b2c-8c36-4f68-90c1-efa72eb3be9c,daa05299-979d-4dd1-ad39-d3c9dd841b42,2023-07-12,13570.95,0,0,0,0,0,0,0,0,0
e265d153-6a11-4973-a50f-bbe67bbf7daa,a4dbf10a-5aeb-44b4-bc1a-96bc4a5345f6,2023-07-12,12.32,0,1.4178,1.4178,0,1,0,2,1,310.5386
2e58ab3f-dbc7-4843-9d08-ccf95a5994cb,a7581f59-4edf-44c8-8f7c-6c6347e9b8eb,2023-07-12,2566.57,0,1.1553,1.1553,0,1,0,28,1,305.4271
f7bedcf4-b1d1-441c-aad4-ef542a93ef56,f66afbed-c669-429b-888e-7a4a58c2aa3c,2023-07-12,54.71,2,0.937,0.937,0,1,0,7,1,138.2077
82031d62-6799-4c15-bfde-ef5d1c59d507,6339554f-f999-4b79-83e1-a45e80a73129,2023-07-12,58.75,3,1.4114,1.4114,0,1,0,5,1,113.1587
8ff33790-0172-4078-9ed2-3186852174d9,e51dd8c2-8ac9-46d7-b056-13aa7cd3c68e,2023-07-12,816.795,0,1.4468,1.4468,0,1,0,3,1,35.9334
53082f5a-7085-4ca0-9755-6ce846ae0f97,e31ad436-9763-4563-af73-95b95f6446cd,2023-07-12,833.16,0,1.0516,1.0516,1,1,0,20,1,276.4578
2e4adf60-b570-4826-93da-3dda16f13393,9678d6d0-e1c8-40f7-aabb-14d3240ed283,2023-07-12,5772.5,0,1.0871,1.0871,0,1,1,17,0,4655.9096
a88b8c18-15ae-4016-89ca-25d265006a7e,47f526c5-f149-4596-a4de-b4712ae96a63,2023-07-12,17861.8,0,0.9224,0.9224,0,1,0,19,1,36902.6433
957f71f2-0a6c-4680-b88e-dcaf8365f2a1,614dad38-3fba-4c14-8afc-51927ce9420c,2023-07-12,67.99,1,1.0886,1.0886,0,1,0,8,1,213.1704
99f91117-2704-4747-8cf5-f40fe881ec09,eae69e3d-0569-40ec-8b9a-fa30f21d6353,2023-07-12,1657.41,0,1.1148,1.1148,0,1,0,50,1,249.4007
f0b284fd-ac5b-40ce-8766-9e39f7cc72f0,bdf638b7-1ae2-4e30-b777-56a35cf7e9bd,2023-07-12,630.44,4,1.467,1.467,0,1,28,4,1,4733.6031
712d5740-1da1-465e-a26a-c92f370c06ab,83989572-47df-4626-95eb-2e79fd23fe04,2023-07-12,415.93,0,0.8431,0.8431,0,1,6,8,1,126.1475
bf9e746d-d1be-49e1-a448-a1cabe2fccb4,478eadd3-4f62-47a6-b374-79f9969237ef,2023-07-12,2910.17,0,1.0499,1.0499,0,1,101,17,1,246.6267
c8cfa87b-2ade-498f-b04a-7ea58b4b1a60,e0c7f0ff-db36-44ec-baa4-d78ce2da658f,2023-07-12,39.42,0,8.1286,8.1286,3,1,0,0,1,0.968
09bec07b-9375-4971-a9d1-67d38f8f6976,806872cc-51e9-43ec-a17a-0235a906b324,2023-07-12,25322.6,1,1.4803,1.4803,0,1,0,35,1,4543.2058
eb87fe3c-34d5-47a4-a863-b9b0b93c9520,73982614-0643-4766-b134-392fd37676e5,2023-07-12,1281.86,0,1.5726,1.5726,0,1,0,32,1,528.9758
e4b5c505-8b0f-4193-80de-7042f2708493,9f2f14ed-bd18-4d1c-9909-aab0a702e066,2023-07-12,942.375,0,0.6309,0.6309,0,1,0,14,1,328.2885
c40eb9e5-569e-4929-b237-f68f3458f08d,4cc3616e-d21a-491c-be5e-98175886a571,2023-07-12,682.47,3,1.366,1.366,0,1,2,15,1,772.2036
77c5f4d8-8045-414b-9d94-0eadbfda0686,40d5fc58-8e41-4858-a891-fbb1965baaf5,2023-07-12,4181.36,0,1.4208,1.4208,0,0,0,0,1,0
bd47d808-49f7-40df-ba2f-a410ae2ffc87,0b7aaec8-892c-4bdd-97da-8afde3a82af3,2023-07-12,49.26,3,0,0,0,0,0,0,1,0
cf256556-96a1-4b6e-b164-0c114108406b,aa5e140a-92e0-42ac-9acb-648dfb399d2a,2023-07-13,154.65,0,0.7652,0.7652,0,1,0,7,1,54.4052
e485f182-7857-413c-b9c6-5716f7dbca17,49d9d275-b981-4a4d-a97f-f34c283d0958,2023-07-13,56.98,1,0.9404,0.9404,0,1,1,1,1,46.9857
5702856b-e18c-42e9-976f-f76824f82e64,c714d2a7-5cdb-4410-97e1-8cecab37dcd3,2023-07-13,95.755,2,1.7839,1.7839,0,1,0,8,1,135.0052
c3d60e5c-3cee-4a87-aa7c-40f8ae306051,54098050-09c5-487a-8a22-942d78bde447,2023-07-13,620,0,1.4906,1.4906,0,1,1,21,1,690.7013
e527f8af-909e-4573-b43a-aee5178255e7,f9a2fb7a-fd03-473a-9c0c-cf0b1f865997,2023-07-13,223.51,0,0.2822,0.2822,0,1,0,12,1,542.1289
ef5359c8-b816-4f28-96b4-f1bf0932fd3e,287ee84f-4ab5-4810-8008-4802f5cf14fc,2023-07-13,3079.71,0,0.4148,0.4148,0,1,13,23,1,477.3137
8a9af1ba-9acd-453e-ae8a-41668c549bb4,6ec4d306-b49e-4e63-9e91-748f53cfc77f,2023-07-13,148.59,0,0.9359,0.9359,1,1,0,4,0,49.9839
69116488-5f9f-40b5-8e67-6a8d07aa1c99,c741171b-079a-4413-9ec1-2092e5c93103,2023-07-13,136.87,0,0.6916,0.6916,0,1,4,4,1,155.3031
deaa92d7-8e65-4ffd-ae10-3c4210782b16,9b070887-c660-481e-9821-b96e848997f3,2023-07-13,510.84,0,1.0728,1.0728,0,1,0,21,1,618.4219
165122b6-d03a-4b01-80b7-4d17c2f0be14,47328de6-ad45-4ba1-be88-e53a2ab479c1,2023-07-13,110.91,0,0.9206,0.9206,1,1,0,0,1,42.9815
180200ad-83af-4de4-a15c-654278dd33f4,52a518c0-8edc-4401-a25f-823cd5d4efaf,2023-07-13,129.38,4,3.7078,3.7078,2,1,0,0,1,7.064
3d91a41f-9d23-415f-9cee-7c7397d97ba4,f898ce95-579e-4da6-b97b-786a41935b78,2023-07-13,234.09,5,1.1139,1.1139,1,1,0,14,1,677.4266
4d80e1aa-a632-4814-92f0-eeab778f808c,c6fcf8f6-af7b-4ef1-934c-29c4b5cf568f,2023-07-13,32.685,26,1.1274,1.1274,0,1,8,14,1,2111.0676
5455607d-a204-4b80-8690-ab32d971bb47,65f2be10-ed38-4400-a09e-8ea10dcc2ed1,2023-07-13,242.4,0,1.0444,1.0444,1,1,1,13,0,218.1391
15695512-e3e3-42e2-88ac-d80715ac8a3a,95173763-c9b6-4c8d-9107-623f65c534d0,2023-07-13,575.18,1,1.0972,1.0972,0,1,3,20,1,3508.0193
926f5dac-44c1-4431-915e-df84a0b196b6,04ad7f50-6521-4cfe-a267-630a2eecadff,2023-07-13,7389.15,0,1.0749,1.0749,0,1,2,12,1,1349.2832
23bdf79b-8de1-4de3-bd7b-495d6f141434,cba2b38a-2b4d-42ae-b867-86aa10dcf237,2023-07-13,13157.8,1,0.8597,0.8597,0,1,0,15,1,4134.2263
82a07875-f8c9-49cf-8779-7c6376ac828a,b3771807-aafe-42e7-b12c-986b0b65df20,2023-07-13,2551.16,0,0.7947,0.7947,0,1,0,20,0,1195.6363
76840ab8-3514-4806-8096-c4f82a11e5cf,0ef0a13d-d5ac-4d47-9524-b7cc90ae2687,2023-07-13,307.4,1,1.3611,1.3611,0,1,6,17,1,163.4323
97f7b256-e6ea-4487-803e-5b7e3805863d,44b08beb-3722-4ddf-8d82-a6a71fc019f2,2023-07-13,5756.21,2,1.2105,1.2105,0,1,2,2,1,940.8081
59f90e44-dfec-47ee-8584-4fbf7010649c,58063a16-2a2d-45f9-84e2-d4f2a71643e4,2023-07-13,1141.09,0,0.0434,0.0434,0,1,0,16,0,350.8514
21d9a152-f2a1-4ab9-bd23-2ac3e125ae3a,d091f961-80fe-4da2-81e0-c45457f1e241,2023-07-13,3194.97,1,1.1748,1.1748,0,1,8,3,1,164.9121
e33377c2-b285-4ad0-899b-79ebcb9d4364,da1a2765-fef2-43c5-9cdd-89be3b608c00,2023-07-13,249.45,2,1.1633,1.1633,0,1,0,30,1,140.152
b30ecb6e-c436-432e-92a9-121585eb9dc2,bccbb398-fc53-413e-b41b-1c824972b4f0,2023-07-13,3733.765,0,5.051,5.051,0,1,1,1,1,2886.555
95d9f382-13f8-440f-b0a1-fc56a76d7f1f,90992afc-2e4d-47a0-b489-3d5c6e88093b,2023-07-13,128.66,1,1.639,1.639,0,1,0,2,1,119.9817
b033c99a-d1e7-4a09-a525-5ab179d89f5d,872da98d-aac8-4fa4-acb9-89f76f86ca0e,2023-07-13,48.875,1,0.9775,0.9775,0,1,0,5,0,338.6184
edb49e47-ffe4-4ad6-8f17-47d01d8c594b,d4bfffc6-c137-4c3b-91bb-f368830a696e,2023-07-13,123.79,11,1.2436,1.2436,0,1,1,38,1,139.2447
b98a9ef6-b0ca-4fe9-9c92-748a9a2eea69,b173fbf7-cc80-49f7-bd5e-cfa6b9b3b970,2023-07-13,10.63,3,3.1981,3.1981,3,1,0,3,1,45.01
f0c879ea-3e9e-4c5b-a90d-bce98144ed78,c95aac29-6601-4c9b-a896-e18dd0d9b186,2023-07-13,2490.92,0,1.4329,1.4329,0,1,0,1,1,0
001934fa-978f-45ed-8ba5-bec5451ea264,3cd5031e-bb2e-4112-8843-d77dcec48f03,2023-07-13,15403.31,0,1.0889,1.0889,0,1,2,2,1,6159.9923
c90fdaec-8068-4121-9ada-b24e68ca4740,a2505fd3-0397-4784-9266-24d30af6a6ad,2023-07-13,2722.975,0,0.3686,0.3686,0,1,0,12,1,229.9741
90bd04fd-0ede-4121-83cb-076e0ee8e585,2d557709-5893-4aec-a915-8b3505645298,2023-07-13,274.66,0,0.8738,0.8738,0,1,0,10,1,121.2449
d960827a-6eca-4edc-a6ee-d55cbbe51623,83f485c6-26f5-47b4-863a-3bcb0455543e,2023-07-13,429.55,7,1.2686,1.2686,0,1,2,87,1,479.73
2811d4db-c3e6-47a1-8f50-71478562d9c7,e9194a5d-b3b1-4da7-8bbb-3c57b98ef1ea,2023-07-13,6280,0,1.3567,1.3567,0,1,0,13,1,2087.2097
65828127-b12f-42a1-b4e1-d946e6204fde,f4490c74-83be-4cd3-81f5-660e2d693eaa,2023-07-13,237.71,0,0.8811,0.8811,0,1,0,23,1,117.848
233fa021-50d4-4013-b66b-77ac22f80b94,b885b65b-aa3b-4815-9c87-396e7fdec63f,2023-07-13,556.84,2,0.8294,0.8294,0,1,1,17,1,817.1648
b22ac1b8-69ca-4bbd-a8c2-e1eaaa5080b9,04ba70e5-1df0-4f5d-8a6f-bdf659e8fe92,2023-07-13,1209.08,0,1.2513,1.2513,0,1,0,12,1,611.9373
2e2479db-570f-4c49-9160-c1e93d907632,03dabff2-02aa-4ecd-a471-029572326713,2023-07-13,111.4,9,0.9697,0.9697,0,1,2,0,1,7.1409
d8525b66-4eae-455e-9004-4f02b2f9fb90,65f2724f-096a-43aa-aedd-b7516c077099,2023-07-13,166.4,0,1.0646,1.0646,1,1,0,14,1,366.6896
c0931969-defd-4daa-8721-ca715108297b,f724edbb-b410-4b05-b36d-47618e5e95ca,2023-07-13,3291.65,0,0.9427,0.9427,0,1,0,11,1,1452.1688
7b6b4839-67b4-4d87-b4f7-ce319994db98,cd27a97e-d1b1-4a5d-a70a-2b4184eaa36e,2023-07-14,87.81,3,0.9253,0.9253,0,1,0,12,1,492.634
44ca7947-58cd-498c-b749-6c1b3e7f001a,0c7f4374-d2d0-4cae-9d47-0b2d83d5163a,2023-07-14,104.26,3,1.2675,1.2675,0,1,1,6,0,213.7309
7cc496c5-6e3d-4261-970d-c10d39749cc9,36a9503f-bb88-4e45-b3c2-247851297a21,2023-07-14,163.325,20,1.3994,1.3994,2,1,4,24,1,992.9934
3c435b8b-fc0c-445e-98c7-b533e221cb15,efbcb6c2-d1aa-4dad-abb1-7526faac5dc5,2023-07-14,608.545,0,0.7635,0.7635,0,1,2,7,0,217.4955
4ea174de-4bf6-45be-9b9c-f0ae702676b8,8dc2dd65-7013-441b-bee8-91f2a0e30538,2023-07-14,2961.22,0,0.2741,0.2741,0,1,1,9,1,1000.5356
738e05b7-b262-456d-b4d1-6ea4806df51d,1ad1e7fe-5f46-4619-b159-33c67e1807e1,2023-07-14,85.08,0,1.0559,1.0559,0,1,1,8,1,372.3503
841e60a8-82cd-4cff-918a-9616d454948c,975d0344-9c32-41f7-a7c3-2787e5e7a731,2023-07-14,1449.005,0,0.8411,0.8411,0,1,1,19,1,2563.8323
4c0ae876-417b-4d0a-b580-59d6ab0e099e,c0493954-af9f-4e4e-aba8-01eba85690b1,2023-07-14,1999.14,0,0.8087,0.8087,0,1,0,8,0,1348.4454
66b8694c-160a-43f4-bdb5-123a1b2f3e5b,de1f786d-0a24-4348-a631-9f610eae7614,2023-07-14,784.83,0,1.0731,1.0731,0,1,1,4,1,582.0884
f0f19af3-0510-48a1-961e-e688c34c31c9,09ff8376-c4a4-4c8b-9e2a-692fc599b8ca,2023-07-14,104.07,3,1.3332,1.3332,0,1,1,4,1,86.0495
11a1d254-6917-46a3-84b8-e3dbae6c3633,3c121c17-b0ea-407e-a01d-d45fa8491041,2023-07-14,154.23,1,1.0098,1.0098,0,1,1,25,1,96.3142
720b1198-8427-4ca0-927b-6ea2c3b5fa66,f0373854-534a-4d31-ac82-755c0a222033,2023-07-14,229.83,0,1.0353,1.0353,0,1,4,11,1,110.5618
006734a0-bbd0-4339-af08-01eb88164b47,cc4dfba7-38ca-4a76-a421-79443a64696e,2023-07-14,1145.53,2,0.9535,0.9535,0,1,0,33,1,642.7212
261fdf96-df08-4058-82d8-0982ac096271,255a7775-b60d-4acc-bb8a-738c2773da24,2023-07-14,844.39,7,1.0142,1.0142,0,1,1,98,1,1132.7105
84588dc5-e441-4b86-92c3-2e8800a6bf1b,62ae2d5c-1b56-43b7-8ef9-d02b6d0d1258,2023-07-14,49.675,3,1.0111,1.0111,0,0,5,0,0,0
bd9639c3-8541-412e-be85-67fd07fec028,7f7d4c08-bde6-46d3-b631-c007d16843a1,2023-07-14,796.83,3,0.9663,0.9663,0,1,0,11,1,3427.5407
11247195-a2a1-408e-8deb-1b1ad63ce21b,e97ad669-7b95-4fb2-b4da-b10d3c789968,2023-07-14,1310.245,0,0.9598,0.9598,0,1,0,8,1,306.1066
7146cf1e-489c-49a7-ad26-9ea345b29d65,3c2c032e-5af7-4045-8ee0-1b962539fa1c,2023-07-14,794.075,0,1.1178,1.1178,0,1,1,18,1,280.4736
da387c60-7460-46d0-a799-c37a9d624440,d16d47ae-5cd3-4f62-b036-556d470f66bf,2023-07-14,859.57,0,0.506,0.506,0,1,3,24,1,264.2801
7df21ede-98ac-4310-a6c3-6e40c379b226,c5d02919-3b17-4c7b-8d3b-48c6e93aa851,2023-07-14,99.83,0,2.5036,2.5036,0,1,0,4,1,167.7424
7c7671e2-8681-48cd-a4aa-c40ee27144ca,08d65836-8b8f-4030-a29b-c0669f3b63c4,2023-07-14,2240.47,0,0.7946,0.7946,0,1,0,14,1,1110.8916
dc079314-3967-4793-93de-8ff0edea6d8f,18f58390-e8a6-40da-aef8-4cdfc5a765a9,2023-07-15,300.6,11,0.9145,0.9145,0,1,166,16,1,291.6264
5f3ae5d9-5d65-4e32-9fb7-6476a930542d,c98d9f10-7721-479b-8b73-e2f2b4a86ec1,2023-07-15,409.98,0,1.226,1.226,0,1,0,5,1,241.279
510cfd3f-8c63-431c-bd01-a6119ac11abf,2de243f3-5271-435d-8b17-3093148e0b61,2023-07-15,322.615,1,1.3987,1.3987,0,1,0,5,1,236.8942
8a691807-635e-4fb1-8325-3c05b3937b00,d2771f78-50ba-471e-9954-fcd483f620d4,2023-07-15,257.305,4,1.0656,1.0656,0,1,2,34,1,307.6437
0fa7a83b-acd0-4fa8-a008-f5a0bc0555c6,9f73d90c-0b43-4624-843c-543bdebc0dbe,2023-07-15,4469.11,0,1.2024,1.2024,0,1,0,18,1,408.7916
5f297e40-9118-4333-a485-05f143915d42,c1049369-d4ee-46dd-9e44-2010765f25e8,2023-07-15,679.69,0,1.0286,1.0286,0,1,24,63,1,491.6744
57f9331e-0a65-459e-b9f9-c0008f0d0274,bfc54290-3a8e-4887-8cb0-e689e048c31a,2023-07-15,102.29,3,0.7738,0.7738,0,1,0,9,1,93.6182
509e2c2a-d702-44cb-99cd-db9cdeb49452,12e294dd-2348-4663-89f1-2ba7cf040a80,2023-07-15,126.69,0,0.9472,0.9472,0,1,0,4,0,569.5654
860a05a8-0133-43a4-8394-b9f471f6de03,b12ab5f8-d8e8-4e66-a16f-228d6b7d4ec5,2023-07-15,2065.04,0,0.9101,0.9101,0,1,5,126,1,773.9055
f53e3f92-172d-4d57-a84a-9bf890a6d1ab,35f7afe5-14c6-4986-9944-1546509a0bc5,2023-07-16,479.11,12,1.2026,1.2026,0,1,0,44,1,3301.3595
883b9c1c-80ac-45da-95a8-4ccc579d3c11,ba24aa73-dc33-4681-aeda-4fc2aba53e07,2023-07-16,354.6,1,1.2524,1.2524,0,1,6,4,1,402.01
3f6973ab-80f0-4c77-ac6e-097f1fba399c,02b8b1b9-7456-4306-9314-2bbcdf5b680a,2023-07-16,467.455,14,1.5827,1.5827,0,1,0,54,1,369.2471
08b76a7a-691b-4a9d-869a-73db5beee9bb,9b420bf9-e00c-4055-b99e-74ed383d8c71,2023-07-16,80.185,10,1.7221,1.7221,0,1,1,16,1,215.7337
7bfd40f4-6594-45a8-b625-8b3c47b7bebf,2f741e65-46e4-45c7-b680-ceab750a127b,2023-07-16,181.28,12,1.2093,1.2093,0,1,2,25,1,104.0447
d5dc2bc4-a8f3-4cf4-923b-de2f14be4721,5a34cfd0-ac60-41db-8cb1-ac8fe744794c,2023-07-16,1253.56,28,1.028,1.028,0,1,3,85,1,908.7251
567b7d5d-ea38-4ba1-a736-26e053038e7c,dc5b1270-2509-47cf-8416-c3c5cb609f89,2023-07-16,407.06,0,0.6844,0.6844,0,1,0,11,1,758.5293
feed27f6-e18a-48cd-9211-768f7eb665c7,5b5d95d4-283b-4130-9368-3c44fd6a9e83,2023-07-16,121.54,0,1.2394,1.2394,4,1,0,0,1,0
d04c9d35-5aa4-4593-a876-a33da02334c4,c1769af6-f28f-4974-acd3-d53622614cf6,2023-07-16,49.03,2,0.9983,0.9983,0,1,1,13,1,932.2926
5473ddd4-37ee-4073-a95f-024d089c316e,0c58fde4-7642-4a79-b59a-14a03b44a4b7,2023-07-16,376.305,9,1.0377,1.0377,8,1,0,190,1,148.0948
2988b1c5-d8f7-4698-906e-a292e7fe088b,964de8f2-c26b-4a67-93ff-1531e3e7ae79,2023-07-16,1532.55,0,0.6822,0.6822,0,1,63,3,1,377.0628
07811345-f1dc-4a14-9d74-a55235947a4f,ef40f58a-aa43-42e8-97f4-4280e24dfe74,2023-07-17,15.73,9,1.463,1.463,0,1,0,2,1,44.0043
795239f8-17b4-45d8-b6bf-4da0e07c7745,376aa634-7c97-41f1-bb8f-4c6eed181763,2023-07-17,265.785,1,0.8225,0.8225,0,1,0,8,1,314.9728
4ccceb44-810c-4b33-8f1d-73384cdd4dc1,85a74b69-4dc8-4904-b478-871f25805b8b,2023-07-17,9600.89,0,1.4436,1.4436,0,1,4,22,1,574.5574
96e161a4-39f3-4626-a30f-0d31d9405dc1,7724384c-3b41-4f53-a256-2ff53aa879a6,2023-07-17,1522.42,0,0.4701,0.4701,0,1,1,4,1,0
8fbdca8f-4d30-4a30-bc87-dc54a4ed8437,e1243906-63cb-4a6d-8321-9e93ee070515,2023-07-17,2177.235,0,0.981,0.981,0,1,0,20,1,444.9651
2121d272-ee3c-4f28-9ce1-9f8727eecf29,05fb8cff-1d26-431e-8c33-792a161d9460,2023-07-17,284.53,0,1.0995,1.0995,0,1,0,7,1,269.9431
2a0252d3-2fae-4339-9a29-5b367a6963ff,0b18eeb1-a1f0-4afa-a316-23a988c6d1e3,2023-07-17,312.435,5,1.0787,1.0787,0,1,2,74,1,387.6167
ea5469cc-0b38-42c7-b44d-02266fab74b3,03fd0bc1-02c2-49a9-bce7-d3bac24ca2f9,2023-07-17,83.81,0,0.9981,0.9981,0,1,0,2,0,37.9123
b3c5ede5-f3c6-411e-b369-2c878b21de42,423de0c1-41b2-4d77-8bfd-b0768dd9ee55,2023-07-17,38.255,0,3.9113,3.9113,0,1,0,1,0,141.4214
0521951a-ecc8-47d1-8ff4-8655ccfbacad,d28a4cc7-e4fe-485e-a1dc-ddad5822b431,2023-07-17,6219.26,0,0.9475,0.9475,0,1,1,483,1,537.2273
f7faeb2e-6ed8-4f8d-971e-933afed0c04b,27d624f3-e418-4e3a-963b-373aac432a07,2023-07-17,610.57,0,0.7974,0.7974,0,1,0,5,1,791.2588
5deb9c59-9f67-4f13-a5c0-f788456b05f7,6ef09be8-5b0e-46f0-a816-c6c88b0de891,2023-07-17,107.21,5,0.843,0.843,6,1,0,31,1,262.6104
1b9a4aad-5770-4716-9f49-a50e4efb9c06,7a2d94f2-5f12-471d-a4f8-fffd097a7a68,2023-07-17,1932.34,0,1.6904,1.6904,0,1,0,6,1,1788.6299
7c84dfc1-53a3-4167-aee1-89cc15e8a656,b38e0443-228a-4454-8e4a-1a11f8113b7c,2023-07-17,1964.075,0,0.9726,0.9726,0,1,0,23,1,391.381
de82d8b6-22a5-41e5-87a2-b9c031e0f0e0,44a48296-2e0f-4e4b-92a1-59f827959c19,2023-07-17,293,2,0.7344,0.7344,0,1,0,11,1,483.8235
9f672f7b-ae56-4264-8e0e-39c1f16c3439,e226c58f-077a-4a0d-aafe-4c593c62f8e4,2023-07-18,4245.33,0,1.383,1.383,0,1,1,8,1,4128.4501
4bfd4334-49e9-48c6-8fbb-cb52879860a1,528421e1-0064-4939-8edf-e6207e3b021a,2023-07-18,417.85,0,1.3589,1.3589,0,1,0,13,1,100.9236
1c5dd196-1952-4246-90e6-f9da3acad5a8,a65ec4a4-c09c-4e6e-a353-399a6bc54185,2023-07-18,3617.99,0,0.8189,0.8189,0,1,0,16,1,3582.3114
8c4cdc0d-960d-46a6-a00a-4011d1363606,50ad73aa-e322-45c8-a051-199fc134db9a,2023-07-18,59.55,2,0.7383,0.7383,0,1,0,1,0,0
e8ec30f3-26d3-4bc4-b905-508a6367b8ed,1fe1ab46-656a-4e97-a149-87542f1bb757,2023-07-18,865.01,2,1.3735,1.3735,0,1,0,4,1,385.9835
8510c0af-da05-437a-99a9-1d5997a63a5d,fdc33916-fdad-4d04-883b-b2ebe99e93bd,2023-07-18,195.2,0,1.3632,1.3632,0,1,0,10,1,126.3845
7d734442-7b8c-47b7-8a57-462b06d9e31f,a8ffa89b-3156-48e1-8d3a-efa853c008bf,2023-07-18,9.54,15,1.3791,1.3791,2,1,1,81,1,108.3093
9377f329-138a-460a-abdd-8598787aa8cf,61d7b5f0-c124-4a6b-bc40-e52616ba104e,2023-07-18,879.41,1,1.2242,1.2242,0,1,0,53,1,94.235
9641fbc9-1b4e-4a4e-9706-386d327240b4,f6824aae-4bb7-4b17-a28b-612652c08b20,2023-07-18,19,0,2.638,2.638,0,1,0,2,0,66.3646
ee01ae1c-caaf-49dd-b8f8-cd4da8413c0c,829daa40-4bcc-4a03-8695-c6d26bb40637,2023-07-18,1096.7,4,1.06,1.06,0,1,22,41,1,1172.0872
237aa00a-6439-4e05-994a-e298892acd4b,db35128f-4a83-4bf9-a5b7-2dc8aa21dbdc,2023-07-18,1846.88,0,1.0974,1.0974,0,0,7,0,1,0
f64b97da-c2b1-47f4-9974-4759abdd0102,128eec91-73e8-4c4a-90d7-776089a23cf9,2023-07-18,4766.805,3,1.531,1.531,0,1,3,8,1,1602.8435
ef14ef20-ecf8-418d-b195-3c98b4769c71,4d2d58de-ed64-4585-b31a-27c895ab4b92,2023-07-18,5050,0,0.0129,0.0129,0,1,0,3,1,1855.3675
491c4992-0e52-4f3c-8128-c65d8ba49bd0,0e416f2b-6a24-48de-bc10-2c3f9215d132,2023-07-18,8668.805,0,0.8932,0.8932,0,1,17,2,1,3073.422
57244b66-5b7d-4db4-9330-4c464e08c930,25eff5d3-b883-46b8-8728-07cb0a181e80,2023-07-18,99.85,0,0.8173,0.8173,1,1,1,6,1,660.0925
138c32f8-cbf7-4362-a052-49f19a13e760,9884400a-e4e1-4b14-bf6e-b001d5ff8d19,2023-07-18,5340.73,0,0.8649,0.8649,0,1,0,31,1,1019.3808
f466a428-d2ec-4691-95a5-248f9336c0e8,1e085f69-181e-4b3a-8fc0-7088141dc2c7,2023-07-18,63.315,16,1.6439,1.6439,0,1,0,20,1,90.515
ce1c84c4-6e44-47b2-8c8c-aad49ea82c30,746e8379-f1d2-4448-84c5-eaa968a04a1d,2023-07-18,16525.48,0,0.8729,0.8729,0,1,0,17,1,7046.7392
1b8c8191-d036-49db-8d9f-7747f68ede6c,85690c46-1e5d-4b0a-b9bf-27e8cfbc4567,2023-07-18,498.58,0,0.7843,0.7843,0,1,3,6,1,893.5302
435efce1-59c3-4922-b0a3-1534d73ff333,ab77511f-da77-4ed0-9a46-82739949a2ff,2023-07-18,295.86,1,1.3131,1.3131,0,1,1,4,1,1018.9864
af8ff8e5-a4e8-4d51-8191-b50d110e4683,18acd9af-16c3-4626-86e5-63d0caf85228,2023-07-18,61.34,1,1.0357,1.0357,0,1,0,1,0,1700.5918
de836972-be22-4365-ba1e-c8928b6dd7a6,49db0f12-5b0a-4d97-9f7f-915a47296ddc,2023-07-18,145.35,4,1.0209,1.0209,1,1,1,5,1,99.4163
4633b02c-176d-45d9-be22-d4c076a76ff3,26c63dd9-0295-452d-a806-5df3aac46523,2023-07-18,9344.81,0,0.9548,0.9548,0,1,247,96,1,2157.2257
4850fe91-5f90-4633-a534-34e23d5ec199,8e2e928e-7b90-406e-9660-4d3ffebb3f11,2023-07-18,1313.185,0,1.9157,1.9157,1,1,0,7,0,171.3737
f43349d1-1186-49e8-8be7-4a9e3698261c,48c881d5-c1d0-4840-bf41-3fdaf78f67c6,2023-07-18,18.22,0,1.9276,1.9276,0,0,3,0,0,0
9ed0167c-c295-4b4e-afc3-71cc96a6483e,9116050e-193e-4e6a-848b-236980352d60,2023-07-18,324.145,4,0.9821,0.9821,0,1,0,36,1,83.8018
58a7bb69-3a96-41ed-ba75-42332d2b6885,00ba7228-ba73-4200-86cf-4f38368eea35,2023-07-18,175.79,3,0.7189,0.7189,0,1,0,3,1,269.9242
fa2a30a9-f789-4697-861d-5ac1c7420fe5,249a4a25-00a0-4204-abc6-e76efd8383c4,2023-07-18,8.725,1,0.9618,0.9618,1,1,4,11,1,158.7135
9d295142-7a36-4fda-858d-900c78514bb7,c73df9cb-ffeb-458d-99da-684bfa167548,2023-07-18,1729.1,0,1.0227,1.0227,0,1,0,49,1,406.5047
8273a8ab-842f-49d3-99cf-8a976e30d85b,082d8c87-fc54-4cf2-a2c3-9ef540cc9030,2023-07-18,1729.27,0,0,0,1,1,0,5,1,224.2824
8a7e8031-c009-48b1-be67-3dd9c6e57eeb,2444f9be-f1ec-4833-9b73-f73490877f30,2023-07-18,628.99,6,1.0663,1.0663,0,1,0,45,1,156.0731
ddcbe0c2-0e70-4d34-bd2a-0b75cb815340,f3f44e60-6d49-44d6-ae7c-6ea62dcd8328,2023-07-18,1209,0,0.8203,0.8203,10,1,2,35,1,1178.3772
8e38daca-4a27-43db-b9bc-d02e96954402,85ca9069-0f21-4d82-8796-722f93b66d07,2023-07-18,316.53,1,0.8525,0.8525,0,1,0,10,1,553.9224
ef48db64-4eef-4b77-ad8d-9238bdb2b6bd,6b12d386-d635-4400-b41a-2b10499b80c2,2023-07-18,167.07,0,0.877,0.877,0,1,0,9,1,790.4478
bcc61193-901f-4e53-ae9e-c5bee822e70c,9af059da-c722-4606-a917-29c9be945094,2023-07-18,32.32,5,1.0582,1.0582,2,1,0,9,1,505.5924
80556924-c80f-4406-b402-484e9c321406,3b2157a0-52d6-4228-b05d-147e728c5a2e,2023-07-18,1543.19,3,1.1068,1.1068,3,1,21,27,1,367.3008
f38fbb56-881b-407c-9c57-09ab74b0a612,66a1d1dd-837d-4a4b-857a-bdb38b480407,2023-07-18,2248.325,0,0.421,0.421,0,1,0,15,1,671.419
eaa55062-2b76-4320-a2d7-38d73f2f6ad6,f179576e-2aec-40bb-b71e-ad5faa64ca4d,2023-07-18,173.27,1,1.1008,1.1008,0,1,0,4,1,270.6453
4ecc1302-7048-43ff-8435-20211e1c7048,27495e9a-660b-4770-85f5-85de261a0912,2023-07-18,2616.26,0,0.724,0.724,0,1,0,0,1,0
336a5a0e-ad3a-4665-ae48-3dfee8342c15,be0b1a44-e8fd-43b1-b7de-4a393246d28b,2023-07-18,102.5,0,1.0762,1.0762,0,1,0,20,1,319.5018
7b2b856c-f431-41c7-a58c-a686e62cbe89,d6b9ada7-885c-48a0-b6c1-7a6e80789b38,2023-07-18,4543.66,0,0.7326,0.7326,0,1,0,11,1,1481.2617
71bed9e5-4e4e-45e9-8791-be7c3a768c2d,2bac2b8a-e41e-4c94-b9cf-daf94a81e110,2023-07-18,107.42,0,1.03,1.03,0,1,2,12,1,116.6305
b1b09d57-5ea8-4527-9dc8-4fedc5afb2d9,cc5d9116-110e-4b1f-8c13-1eac9c041c40,2023-07-18,637.09,3,1.0912,1.0912,0,1,1,3,1,14193.6558
077d6e1b-60fe-428c-9843-350ef2be57c4,73123905-9ec8-40e0-bc97-35142beded48,2023-07-18,29.165,27,1.2813,1.2813,6,1,0,18,1,1171.6937
57d7d359-0bed-48cf-92d3-d0f5b8084e4a,5602a088-97ef-44af-b0f6-90ecdcd38955,2023-07-18,1341.92,0,0.9776,0.9776,0,1,0,14,1,410.4807
ed801827-5866-4bde-b2f7-f8db0b3f3b9c,84b11cf9-ed3d-4f36-8006-b13ce9eff9ca,2023-07-18,6716.195,0,0.5161,0.5161,0,1,1,13,0,0
c91b8d06-3dfa-4fc4-950c-a3972136a724,6fe79845-3315-4428-849a-19ebf5788024,2023-07-18,67.79,2,1.0518,1.0518,0,1,0,1,1,110.7977
732fa038-de28-4f2d-84f4-b27f22d0e1d9,4dc0d5d4-0c2c-45e4-8183-e75f8dea2af1,2023-07-18,11228.48,0,1.1465,1.1465,0,1,0,306,1,441.2943
83cf2d8c-ec29-4a1e-af5e-71947d4666e6,a5de179f-8641-4612-836c-da9950bdefe1,2023-07-18,11.525,0,1.2227,1.2227,0,1,0,12,0,73.6595
838072d8-c92d-4b67-a725-684d7f570ab2,ee05c81e-9706-43d6-8091-ca28ea41dd70,2023-07-18,188.72,1,1.8882,1.8882,0,1,0,6,1,78.7306
79028314-9c09-4264-95bb-38dc954ad42e,ea847369-e64a-41b7-9333-dba2efe89036,2023-07-18,14.02,2,1.0982,1.0982,0,1,0,0,1,1.497
bba3535b-bdd1-4026-a77e-53000336ea0a,06f37149-0759-4ee3-84a7-59f5832b31f0,2023-07-18,85.27,3,1.3981,1.3981,0,1,0,2,1,125.5913
e46c30b0-3f5d-4f1f-b88c-5ae53844e805,0865e56a-59fb-4a98-be74-57f19e5e5871,2023-07-18,924.28,0,1.2073,1.2073,1,1,2,2,1,1342.3142
69c9d879-9648-4d98-8e0e-dee6237646a8,cf00ce89-ca3b-4dee-a7a4-48464ab118fd,2023-07-18,33.82,4,0.7238,0.7238,4,1,0,5,0,195.6955
192daae1-fec9-4975-961e-e2155ce1b82f,085f181e-8ec1-4dab-92ff-ac82c8b4b398,2023-07-18,568.135,1,0.5884,0.5884,1,1,10,0,0,0
b07bb2c6-d8f8-40ec-94f7-5ab7022e2a01,4e27529c-dbed-4802-a67c-d17df2728bfb,2023-07-18,5206.385,8,1.0339,1.0339,1,1,6,138,1,685.1809
05dfb076-4501-4ae5-ba64-ce703358ba7c,dd795b2f-ab53-4f53-a417-e2b74747a35d,2023-07-18,1277.8,0,1.0774,1.0774,0,1,0,4,1,749.6525
2346b751-d28d-45a2-9bc6-1a8f775221a1,14a29ac8-1b5b-48fb-86fd-571471cfd465,2023-07-18,74.04,3,1.0237,1.0237,0,1,1,9,1,116.3696
fe76038b-aad6-45ec-abf3-b7fdd252f557,8da59ead-c8f2-4082-a61f-4f3600f25d89,2023-07-18,434.55,0,0.7974,0.7974,0,1,6,4,1,259.0647
36d0f664-892a-4819-99e7-4a218c1155f5,4d72d388-9c65-4eb3-8436-9f0eb0ffd674,2023-07-18,191.91,1,1.2467,1.2467,0,1,0,12,1,75.1833
8c124754-bd53-49d7-9bbc-840d1d1fd59e,b53e0104-f51e-4cf3-8715-ec75bc714538,2023-07-18,212.56,0,1.0447,1.0447,0,1,0,4,1,333.8485
9b3392cf-269d-4f35-bbcb-5c95b9b8a9dd,1adae7fa-0045-4fe2-9679-8f134bb6cc69,2023-07-18,4064.06,0,0.902,0.902,0,1,10,20,1,756.2202
cd2ebe87-b84c-4442-919a-7820a7dca44e,c3d1938b-610a-4106-b0fe-c6a102f57576,2023-07-19,132.89,0,1.8583,1.8583,2,1,0,6,1,602.5487
04b72627-85ef-405a-9ac9-27366c3280c3,ba8d5fbf-eea3-46d4-a80a-7d5eed418073,2023-07-19,4769.42,0,0.6793,0.6793,0,1,0,31,1,6849.3267
5c6a9d23-d3b1-4cd2-ac46-a58e2030bab3,df3acbe9-a665-482c-9e92-e30ad8380068,2023-07-19,157.04,1,1.0198,1.0198,0,1,0,31,1,281.7983
b63b1535-0f7b-4948-a7b0-d6054f0eac4a,3b748e69-ed56-41eb-a25f-a6504448da91,2023-07-19,514.495,4,1.1182,1.1182,0,1,0,32,1,694.1216
7a3a44e4-b73c-43ba-95af-d52c4eee9151,c5d830de-6e25-4bdd-848d-2bca80b99bc3,2023-07-19,211.58,4,0.7265,0.7265,0,1,0,17,1,820.2675
302c7b6b-3710-47aa-b300-347130cbb7c1,c9cca84c-454f-4838-a29c-cf8b1339506b,2023-07-19,554.57,0,0.9619,0.9619,0,1,1,5,1,642.1266
060b208d-2d2b-4bf8-a700-70dae78be280,f86c29cc-ad81-44f8-a54d-9e5eae7ef7f5,2023-07-19,6500,0,0.7439,0.7439,0,1,0,9,1,0
441f1158-4fcc-4639-9920-58c451a986a5,765a0909-20cb-478d-8638-bd5338d3d319,2023-07-19,13.96,3,1.169,1.169,19,1,0,2,1,28.2678
2ab96815-2ec6-409f-a184-b64107f85e94,b2719e61-b244-47ae-b26c-d30fa54a612d,2023-07-19,661.205,1,1.0915,1.0915,0,1,0,41,1,167.4216
5aad91a3-cf5f-4d17-b57f-9c5a9cc8a4ec,d42ddc7c-5d0c-418d-9e31-ec3e181c72db,2023-07-19,100.295,0,1.0098,1.0098,2,1,1,1,1,119.0028
52510338-26a0-45b4-9a65-17286e1fc4fa,55e31813-d652-4777-881d-912428f954d0,2023-07-19,1731.83,0,1.0152,1.0152,1,1,0,109,1,142.3213
7b4f5985-541d-4bda-af57-6265280402f3,acfc586e-f764-480b-b411-ecade9a21040,2023-07-19,742.885,0,1.8173,1.8173,0,1,0,3,1,248.5497
6fab326d-9433-4a23-b243-a31d6e2b600d,5de1cd9b-1edb-4730-880b-32caaa1cc3c6,2023-07-19,665.74,0,1.0408,1.0408,0,1,5,111,1,170.2957
383a611b-787a-46f1-b256-f23cca5a3d29,c435211f-1bc9-42c2-b380-0658e19f2593,2023-07-19,386.26,20,1.2091,1.2091,0,1,0,59,1,831.9444
76961f5a-372c-47d9-9ec3-e518949aadfe,a4dfa366-b6f2-4c8e-893b-cf30954c97de,2023-07-19,100,2,1.6522,1.6522,0,1,0,2,1,515.9751
7b4d5dd4-f590-48b0-95a7-697758a651e5,512053d5-0681-4cab-a236-291a0e7f7cd1,2023-07-19,776.79,0,0.5202,0.5202,0,1,0,3,0,264.0558
bf5456ec-f9de-4a95-826d-e9fd2ee7ae37,d6f3c3eb-eb0c-4774-b280-373319286931,2023-07-19,321.82,14,1.4262,1.4262,0,1,0,30,1,805.9504
b54acf02-5424-4d34-b60a-0f723c14d60e,98ed7351-d4d5-4783-af0f-b424faf8dd4c,2023-07-19,80.94,3,1.8677,1.8677,2,1,0,6,1,418.06
b3ad1974-a91e-46f6-a6fd-7bea748a786f,9815d047-2217-44ad-8174-0a13c73db83f,2023-07-19,9390.33,0,1.5451,1.5451,0,0,1,0,1,0
f1b514ff-cca5-484a-9f27-bcd427fa80c8,d8e17e19-d581-4199-93ed-14f30c4dea3e,2023-07-19,397.47,0,0.8747,0.8747,0,1,0,1,0,0
f0c09279-098c-4fa3-8a8e-e0cd184b2254,18c89bdf-62aa-42c4-8188-bbd28711ad64,2023-07-19,505.17,0,1.6776,1.6776,0,1,0,5,0,195.7754
3a7931cb-c223-4da6-bea6-a9fb6d3de67a,0a7d80d7-eca6-4d57-98ea-649bbc9f15dc,2023-07-19,223.145,0,0.9438,0.9438,1,1,11,2,1,105.6507
deb39b2d-b43f-42c0-b07b-85cba1de3b2d,1aa06d23-58c0-49a1-904e-680f1f1fbb87,2023-07-19,5406.71,0,0.8365,0.8365,0,1,10,5,1,1075.8111
06d1bce1-55a6-4dc0-824a-9162db9edc5d,bcbeeb27-e02e-43da-8ac4-b3ccf6ec23eb,2023-07-19,2223.775,0,1.0227,1.0227,3,1,0,13,1,691.1849
4b8ae487-aed8-40e6-80d1-622e1c37c513,ef8de75a-796e-4956-81b8-e3e16601f0f1,2023-07-19,252.47,0,1.0161,1.0161,0,1,0,8,1,967.4256
50adfa08-69a4-4e13-b7c1-b69a25c72403,ad6fc4c7-d98c-49d4-90d8-61d43d9866b8,2023-07-19,352.18,3,5.6172,5.6172,0,1,4,0,1,14.3072
27728345-5175-48e3-bf9f-210f844a66d1,1dfc66cf-f77b-409a-88b7-18ce1d281045,2023-07-19,17.81,27,1.0309,1.0309,0,1,0,54,1,674.7054
e178f1df-9625-4a3e-861e-8a67e89a0c48,6177b86b-f1cc-4ff2-8b3f-94c2cb8db38f,2023-07-19,646.96,0,0.7094,0.7094,0,1,0,30,1,1116.7752
4c74b2f6-25c4-4ac5-8c71-9e8dc74e4291,c1975806-f0cb-46da-9318-059b9832a392,2023-07-19,8272.3,0,0.7578,0.7578,0,1,17,9,1,15950.6065
f0a05412-aca6-4fe9-8914-f4814bad1ca1,b7e755a8-2d0a-4ea3-99a5-57e98fe28558,2023-07-19,11.26,6,1.5543,1.5543,0,1,0,10,1,4934.0538
e6c2cb59-2d70-4281-a581-4aa7bd338199,41a145fc-77f2-4f09-8807-2be66e8de874,2023-07-19,202.7,59,1.2095,1.2095,0,1,0,87,1,845.2787
a4594816-00fe-42e7-b1c9-a3ae1a686733,d4a4a253-fc53-4dc1-8dd6-875578ee70be,2023-07-20,70,2,1.4266,1.4266,0,1,0,5,1,75.478
0994eb13-ca3f-417d-ba8a-0597a39f6069,59d3cf7a-ea22-420f-80d1-89c619155ef0,2023-07-20,105.53,5,1.6121,1.6121,0,1,0,21,1,2113.5689
a9c6a1b1-8063-4c21-8f27-0abcbe67383a,5923cf14-a10c-4129-8a72-9d0f8329a19e,2023-07-20,115.35,7,1.1641,1.1641,7,1,0,41,1,448.6611
1a5015b6-3250-4e01-9270-32ba931c47b8,2f267c0a-2a1c-4c47-bcdc-ab4a3bc94ff9,2023-07-20,159.73,2,1.5646,1.5646,0,1,3,7,1,364.126
e630a035-a8da-4f51-ae72-fce0fa16f562,fce67902-b25f-4b90-ad24-592dc64477d2,2023-07-20,16567.86,0,1.066,1.066,0,1,34,88,1,1165.5721
5fb240f6-0b42-4a96-9d70-ba9f601b3ca3,b93efca1-5335-49f7-a15c-71de8b0a7287,2023-07-20,1377.23,0,0.9194,0.9194,0,1,11,289,1,371.5998
58ed7754-ff81-4971-841e-bf2feb7864e7,c719f9c2-1ec8-41eb-8efb-8867f986bd12,2023-07-20,2469.16,0,1.0265,1.0265,1,1,1,22,1,355.0066
96db514d-8e51-424f-8d98-90a8a41408f8,d807c078-48a2-4d81-a64b-be8eee90aa90,2023-07-20,1373.79,0,1.0243,1.0243,9,1,0,103,1,1611.8586
f5ad09c8-1e31-4b0f-ac7b-4f4686b1e30f,d4dac3f3-01c5-4a60-aa74-1eddab64956d,2023-07-20,2286.95,0,0.8975,0.8975,0,1,1,13,1,346.0204
167df77e-5301-4f2a-be09-e023f70e7733,24442239-63a6-4cdf-81db-a2f17579fc4c,2023-07-20,4407.46,0,0.9824,0.9824,0,1,0,82,1,190.0385
722ba9e0-3dc2-4308-af73-e925be4c67b2,0935620d-e0c7-45c7-a2ba-831b1a9a01cb,2023-07-20,16648.12,0,1.0507,1.0507,0,1,19,55,1,5092.4976
fd716d0c-27c9-4a80-9476-5537441914f9,f8da7ab8-f5f1-41d7-bb3a-40e3e66e7d06,2023-07-20,218.115,0,1.1929,1.1929,22,1,5,48,1,251.5609
33ce827e-15d1-462c-9287-766f88d76206,d1083752-2c5c-4cde-bd4d-1aedc090d98a,2023-07-20,-800,2,0,0,0,0,0,0,1,0
ea67ddc0-e276-489b-a7fc-8c5bf043a376,3dc7b8c1-3079-4694-8a5c-f43133ad4624,2023-07-20,682.07,2,1.685,1.685,0,1,0,10,1,68.6393
ffaedfba-c569-4642-9bed-60da2f14e4bb,918801de-dc35-4a1e-b2a8-6052680ad489,2023-07-20,1127.97,0,0.5947,0.5947,1,1,0,3,1,1788.6805
989ea43d-1b9b-4670-8c38-61618aabf74e,81274a25-557b-4a14-8ab3-97cec26532cb,2023-07-20,512.575,0,0.9104,0.9104,1,1,0,9,0,268.6428
550747a0-3abc-4465-a871-5c0b5e87dc02,aa2b9af0-0387-4c56-9005-4cd8c8fa1006,2023-07-20,4681.605,8,1.0728,1.0728,0,1,0,38,1,4051.9303
384e42e8-a263-420c-a62c-a432a89688ea,67d94fb0-d11e-4ffe-b59e-96f7ea6db3ec,2023-07-20,167.715,0,1.0147,1.0147,0,1,2,11,1,226.0922
e39c2acf-ea52-4f8f-9277-54d6b32037ae,5f2f88e7-5a76-4e54-a42a-0ea4e5c82eec,2023-07-20,7020.675,14,0.9928,0.9928,0,1,1,151,1,3732.0352
1f6fe2b3-9b35-48a1-bd47-5f6fbc454523,8b972610-8c2c-430f-a55b-bc4b4a2397fe,2023-07-20,59.675,15,1.1179,1.1179,0,1,0,13,1,1155.9925
f040586e-d1a9-4c2d-a2c1-0aad65d653f6,8e999d47-b90b-4df4-9e87-c3fcbce5b904,2023-07-20,965.2,0,0.9533,0.9533,0,1,1,11,1,2890.0044
84e48942-6cea-4a16-a8b5-17fc3e73151b,a30cc228-954d-49d3-8c54-70ef2ef80030,2023-07-20,590.445,1,0.9312,0.9312,0,1,0,27,1,4362.9748
ff4be657-0de1-48e2-89c7-8214c0a9bc88,4231c8e4-a94d-42f4-8b2a-f16253037221,2023-07-20,157.34,25,0.9934,0.9934,0,1,0,78,1,818.4688
e3f3003b-6533-44e6-bc27-fdd4e168fd0b,c6a41c80-bc3b-4c46-a83b-9c8e8623ed5e,2023-07-20,280.22,6,0.6041,0.6041,0,1,4,4,1,57.1619
cd4fc5fa-809c-4b6f-8d0d-7128402d39c5,3c4d982f-c289-4e43-aa6f-ecbbc41a5819,2023-07-20,504.33,1,1.7238,1.7238,0,1,32,5,1,999.4623
68f33f06-bcec-453d-847f-c16e74b6c7f6,aa746bc2-b0dd-4054-8ed4-abe1dae0950f,2023-07-21,3070.24,0,0.4032,0.4032,0,1,3,2,1,1893.2875
55d865be-77d0-4aba-be94-f41d28001d3e,3a440df1-222f-493b-9b78-e6992a591147,2023-07-21,902.85,1,1.0576,1.0576,0,1,18,5,1,121.7346
9a6ee8a7-f1ac-453e-85b3-2f586bd2df1f,b644e1fa-e1af-4edb-b8d3-1bf821e5a2da,2023-07-21,24380.81,0,0.7674,0.7674,0,1,0,95,1,701.3684
abef0323-5949-4082-b645-f1d64112491b,532ba3ef-fad5-426f-b265-c49cb2b8cead,2023-07-21,65.66,0,1.0111,1.0111,0,1,0,17,0,683.4868
37d18235-47dd-4eb9-87a4-028f523156d8,73583636-2814-4c5a-a44f-2730571ca7e1,2023-07-21,281.625,2,1.1436,1.1436,10,1,0,15,1,1029.9752
6bed3eeb-0412-4c9c-ac9f-fd287d87c3ef,db1755a3-0064-47b5-ba41-67be3f120e5d,2023-07-21,211.075,1,1.104,1.104,0,1,0,11,1,141.7433
c9272ab7-b55e-4c35-a7f1-a2619c6b8a6e,3f903305-9611-4738-9e9b-221120ddee94,2023-07-21,754.38,6,0.9198,0.9198,0,1,0,166,1,263.2144
5cbaab38-3d03-4cd4-9d86-bca5759ad541,b2364a55-6130-4770-be36-ad1b44f2f853,2023-07-21,51.68,0,1.4814,1.4814,0,1,1,2,1,577.2983
73df490c-71cd-4c68-8fcc-a1d63aaf2b62,71d34264-8675-46e9-92b4-c39bf72992cf,2023-07-21,5000,0,0.6787,0.6787,1,1,15,5,1,2824.0252
7433f5e7-1cee-4b8d-8a02-57bc76a43408,ded17e3f-3415-40c0-bf61-5b0b401d47e9,2023-07-21,7007.93,0,2.2671,2.2671,0,1,0,61,1,880.7279
843acdd2-f891-46c8-9296-f2af6591acb9,b5b18f9f-bfa1-4fdd-94d1-6e70532ef684,2023-07-21,595.59,5,1.1034,1.1034,1,1,1,93,1,427.5143
90fda220-6139-479c-bfcf-700c6edfad52,ee852b5c-1ab4-415c-ab5f-ec6661a40cc7,2023-07-21,91.145,0,1.0254,1.0254,0,1,0,31,1,1168.8038
0cca0cdc-eb3a-4c51-8eda-499badba8e72,483afa8c-53d3-49bf-9f91-64c2b6e39c08,2023-07-21,650.87,2,0.5349,0.5349,0,1,0,4,0,515.5095
780c3d43-f3c9-4029-9f3e-6d3f1759361a,d5c8fe65-63b6-440f-95cb-868a22b73d68,2023-07-21,43.725,5,1.15,1.15,3,1,2,13,1,484.8772
eecfdfcf-2105-46ad-98a3-e201683743b8,83c47adb-9e51-413e-ba13-7a6d2d3c3857,2023-07-21,33.19,9,1.0893,1.0893,0,1,0,13,1,112.8101
fbdeb61b-4a89-49a2-a7c5-62c399d0d289,10f42858-8d45-49af-aa04-45d4aaa3aa7a,2023-07-21,621.01,10,1.0611,1.0611,2,1,3,20,1,1627.2666
db42d631-4cc2-446c-8724-ef74076f9c1b,8e3ed572-0e81-472d-bdcf-7efe38c4f4f7,2023-07-21,891.9,0,0.9403,0.9403,0,1,3,52,1,561.5755
b5ba1069-1508-4b79-8de9-5c8f82df059b,beb7199c-fede-4751-9b26-be40f1d5b5aa,2023-07-21,1652.47,0,0.4822,0.4822,0,1,0,7,1,543.4797
e68ee62e-8e34-417c-9430-0998c8364c07,7eec90d3-afb8-4758-a1b1-03cab58d9739,2023-07-21,447.865,0,1.016,1.016,0,1,0,9,1,2236.8815
db4ce16f-cf4f-426e-b9f8-09624106700f,61da9c35-48d9-47c2-b7af-b807da755f1b,2023-07-22,257.97,2,1.4729,1.4729,1,1,0,29,1,232.5188
bc5a3208-cf8d-4b0f-81d6-605e4d359b48,074d0c98-3756-4d0f-a713-b694b434d661,2023-07-22,1040,1,0.5814,0.5814,0,1,21,4,1,5315.6233
477e7c3c-6e3c-4b34-af82-6864ed9f0c96,640a969b-30b3-48c2-9766-ecf3df6b12e8,2023-07-22,21.35,19,0.8705,0.8705,0,1,17,1,1,59.4224
87bfb04d-2809-417a-a6b4-f0814066a4e2,9bc8c51d-7d8a-4587-ae35-e9316ecfd92a,2023-07-22,1557.15,17,4.5011,4.5011,0,1,2,47,1,1576.3342
7d801e7b-6896-4adc-b84d-4aa40773b05f,3b0b9e8a-3327-445c-b9ca-79ea84711c59,2023-07-22,9.88,2,0.2378,0.2378,0,1,0,4,1,1645.3347
d810ea53-23c9-4f0a-a91e-234e5825cd39,95293f0b-4102-40fc-8afa-4465aebb574e,2023-07-22,48.48,7,0.931,0.931,1,1,3,3,1,707.6916
a0a288d3-8d24-4f36-a416-f16ee03a50b1,3de12dc5-92ab-485d-9ab4-69dbac784236,2023-07-22,382.69,3,1.0819,1.0819,3,1,7,12,1,784.7505
f4f2a78e-df90-43fa-97ca-8020d4711bbc,09ea147e-b363-4dd2-9297-6e14a7ebad3b,2023-07-22,197.205,7,0.9855,0.9855,0,1,0,22,1,385.5613
7ca4b344-270f-40b5-b41c-7c92c1582e02,5582c061-2985-4082-930c-b0ebdd9d8cf4,2023-07-22,304.57,1,0.8905,0.8905,0,1,6,10,1,373.7554
d634142d-3e9d-4ad8-8fa3-5b5f43595193,a415c40c-2000-4569-9847-8afb14cca8e5,2023-07-23,243.2,2,1.1212,1.1212,0,1,0,15,1,201.5445
9ed3cdce-6b38-4a1f-abcb-4ebe2750958c,8c481085-b435-475e-ad14-8cbca690e522,2023-07-23,209.06,15,1.0504,1.0504,0,1,0,120,1,503.4859
1d20f065-0c4e-44a3-82f6-13acea1dba31,2e3350b6-24a6-44a0-872b-1a5298c8b569,2023-07-23,309.51,0,0.5569,0.5569,0,1,0,18,1,374.0094
904037b1-214c-4cd4-9caa-c40198381066,db4d898f-9726-47bc-ae09-3c43d2cca8cb,2023-07-23,19.85,21,1.2789,1.2789,0,1,2,14,1,438.0508
0cb29543-29ea-40b9-87a6-dd5593d44483,83783cad-3027-463e-8bf8-67ca5cdb0978,2023-07-23,901.01,0,0.521,0.521,0,1,6,3,1,66.4554
f85fe70e-8c50-42d9-8610-32510f9c2436,3b8cfa54-9b84-405b-a7a8-0cdce7cb8d45,2023-07-23,953.3,4,1.0255,1.0255,0,1,0,43,1,1598.8743
6b843fe9-a7f2-4a56-9066-fe343142e0bf,0096a0a0-63dc-4495-ae16-57a8e17f0307,2023-07-23,587.18,0,1.2099,1.2099,1,1,2,37,1,248.3961
45a1c177-ef90-4298-a644-0ae230027c6d,ccf0098d-4b4d-4769-919e-e31941e7128f,2023-07-23,560.41,0,0.8815,0.8815,0,1,0,55,1,139.3259
0f76d16e-ff05-4eed-8109-0dce99b3ff0b,1f6951b8-473a-4044-a98a-b06708a5eda9,2023-07-23,64.56,0,1.0385,1.0385,2,1,0,5,1,47.3107
00a12360-ad48-48c5-b9b1-2b66cd21935e,5c380f01-751e-4c76-970a-176a35cad6c6,2023-07-24,42.31,2,1.0942,1.0942,0,1,0,17,1,147.0238
063a1fd9-f304-4833-ae80-50e21020ffbc,cfcdef28-f871-46a8-8951-9aff06f6194a,2023-07-24,268.135,0,1.0819,1.0819,0,1,2,20,1,203.8359
2cbb2353-75d1-4fce-bb64-8f14e5fca5d5,9cc8e83e-b13c-49f0-ab5a-f977751f04b8,2023-07-24,2708.85,3,0.9943,0.9943,0,1,3,582,1,987.53
6e5f6410-4ff4-4200-afc5-71a54e902a50,4bca0daf-bb63-439c-b8bf-0827b04de3dc,2023-07-24,8556.29,0,0.8167,0.8167,0,1,10,27,1,646.6943
d0583fde-77d0-4fe5-b555-77c4cd195a09,dfd21160-d4ea-4741-bcfa-93665a2d9aea,2023-07-24,1490.15,0,0.9162,0.9162,0,1,2,12,1,4650.0587
ca5e8e54-8122-451a-914b-33ad19c2868a,ef02f544-be7d-40f8-9cd4-e30a8dc70c4e,2023-07-24,6357.375,0,0.4946,0.4946,0,1,17,34,1,547.0122
61efc3fe-bede-45e9-9f2e-a6e50758d8c9,a04b7532-8c71-4781-942a-fcaf9010a741,2023-07-24,8.76,6,0.9202,0.9202,4,1,0,19,1,334.9604
16d787c9-bd7f-4f22-82e2-2a2b76fef3ed,ec62da8a-16d2-47ab-81ff-8415d66f9a2f,2023-07-24,110.99,2,1.1063,1.1063,2,1,1,8,1,513.4439
dece4865-2a28-4011-8e6e-1106509322a6,c1d90f58-ab4e-4a67-b4f8-810b6b813c13,2023-07-24,5320.97,2,0.9721,0.9721,0,1,0,182,1,1208.5184
8754d3c8-5e22-4569-b24c-2896ea37c404,67bbb550-c762-49af-8056-1b8ddaad0405,2023-07-24,798.065,1,1.0926,1.0926,1,1,0,42,1,182.1613
24e75824-0d45-4312-862c-151a0c56fc54,454f6603-dee3-47ca-a861-0a5d2b07b180,2023-07-24,77.28,11,1.1752,1.1752,7,1,0,70,1,466.8319
57dd8825-2d7d-4176-9990-e9b6d6628c40,15c4c2e1-93d0-405a-8b00-69065475ec9d,2023-07-24,2046.98,2,1.552,1.552,0,1,10,7,1,1588.7967
358826be-d523-4239-a87f-17926d3325f3,bb3b2665-a871-45a3-92f3-9ae04922a4a5,2023-07-24,2460.93,0,0.9726,0.9726,0,1,0,214,1,341.0118
8e3614de-4420-46fd-a4c5-4a46e5e452ef,3412b965-f6b7-412a-aeb6-173c3832b2e7,2023-07-24,261.78,4,1.0816,1.0816,0,1,1,133,1,272.2038
ffd7e62b-ec8d-47cc-9af8-9e86a3cfc650,82c0fd9c-4225-42fc-97d8-7d0802745cc3,2023-07-24,287.26,1,0.9612,0.9612,0,1,1,2,1,134.0179
4c55e546-e3da-4681-88fc-603ad590d05e,cb3a520f-f39c-4c3f-86c9-a8b5875f9c76,2023-07-24,1094.65,0,0.9815,0.9815,0,1,1,6,1,313.6877
3c5c672d-fd0e-417b-9971-6977e84a9c19,aebefe1e-026f-46aa-a404-a019e9f2e039,2023-07-24,137.735,4,1.0492,1.0492,0,1,1,44,1,1085.4143
69817558-9d04-4b33-af85-29d6f1b89b1e,0757460e-a4ef-40a4-9f64-600ad326295c,2023-07-24,844.65,23,1.1052,1.1052,0,1,0,329,1,709.6873
23a0822d-a893-49af-a3e9-a071dceda697,e641131d-6503-4c2f-8d2b-318158441bd2,2023-07-24,2569.93,0,0.7349,0.7349,1,1,0,4,1,1137.3047
1a847ef5-ee38-4712-95a8-d1cd98a520b1,61bbd881-7f05-4e64-806b-f2a565ad22fe,2023-07-24,755.945,6,4.1585,4.1585,1,1,0,33,1,240.4272
1f4a95f5-2b30-4b23-b25d-8c09ecfed2db,954035c5-10ee-467e-bf5c-bb4cbc7405d8,2023-07-24,838.42,0,0.933,0.933,0,1,40,113,1,702.3515
85d401ad-3987-4289-9a4b-38ad42cedd82,f5f45de0-1ae4-4c24-8d5c-d9089f1526cd,2023-07-24,1586.44,0,1.1237,1.1237,0,1,1,53,1,116.2522
baa6aa65-00e4-4998-a2c9-608c594b0e9b,9cfa6716-f7e7-48c2-83c9-4c54542fef92,2023-07-24,110.27,0,1.0567,1.0567,0,1,10,3,0,325.5604
b1d9cc00-94a0-4074-8820-4bb2fea472ca,383efc78-bdd8-48e0-a2a8-c8ef428da1e4,2023-07-24,482.505,6,1.1949,1.1949,0,1,19,3,1,164.0613
f27590cb-c51a-496a-8c70-8ab4a7457026,2c8e759d-c308-4e40-b020-99595f2e49fa,2023-07-24,2433.39,18,0.7952,0.7952,0,1,3,21,1,3068.0455
09a55f0a-f510-4799-a4b0-ed0961c2dbd1,88a6f748-55ad-4eee-8997-56dd19ef596e,2023-07-24,468.75,0,1.1576,1.1576,0,1,0,9,1,1528.1932
eef127c4-d898-4dbd-ac3d-6584e4ba67cd,7f43f53d-4fff-4035-88e6-fb3cec5ab226,2023-07-25,190.49,0,0.9741,0.9741,1,1,0,8,1,369.3313
e9a0120b-e55a-4eb4-96dc-506dfc6372d8,d3d10a93-22bf-4503-a632-a991aba6d9db,2023-07-25,11349.01,1,0.8121,0.8121,1,0,11,0,1,0
eb9ac4e2-ad1f-4473-b610-97f492e346d5,f8a8e514-ae76-4fbb-a41d-fde1287bf84c,2023-07-25,639.53,0,0.9035,0.9035,0,1,26,9,1,138.5114
7a11f334-073f-4c37-bb4c-035e964f20ea,ea2f209a-ee61-4220-af92-5a3dcb451f89,2023-07-25,673.495,0,0.9087,0.9087,1,1,0,16,1,543.2361
869e58b8-b7cf-4be0-897a-47d5bc60cc68,61489a1f-fbee-4f97-9952-ddc3b323dbcf,2023-07-25,1635.535,2,0.8874,0.8874,0,1,17,28,1,538.4093
dec3db9f-42bb-43a0-a201-0e385b00fc26,5c9138a6-99d8-4b31-8302-c73db70322de,2023-07-25,1249.06,0,0.9557,0.9557,0,1,5,4,1,1866.1217
81fd6c69-99f3-4fb3-b589-eb69d0bf9a13,c350c2a2-0116-471b-922f-0210921c3eff,2023-07-25,65.84,7,1.0381,1.0381,1,1,0,51,1,68.7496
240ff4f1-154a-4460-af48-85500d220fab,cdc9ef88-7b60-49f2-b108-07e97cc5f4c4,2023-07-25,1023.07,2,0.9607,0.9607,0,1,0,37,1,854.811
7967fe60-1639-49d6-a414-c48b71fbd6ec,a6bd9493-3c70-4e62-aa46-35bb34a0cb7b,2023-07-25,126.01,21,1.1786,1.1786,0,1,7,57,1,719.7524
bcbeeae5-c563-4ed7-b187-45622c996b07,db7bc656-e713-4d43-8619-5a782fc298ff,2023-07-25,49324.08,1,0.9382,0.9382,0,1,42,486,1,4383.0997
792d4fea-b462-4475-ba22-865ac418f060,46d44429-f704-4c37-9a4f-3caa6495791e,2023-07-25,1482.08,0,0.9287,0.9287,0,1,36,25,1,795.7576
7be3263a-299d-4587-9709-5cde32a7a987,bead31f3-1f4b-45d5-8452-0e567f4e6717,2023-07-25,70.81,1,0.8188,0.8188,0,1,1,1,1,164.8608
e8139efb-0d6f-4443-9a8c-0ee96bcc56ce,2618c0f1-9104-4da1-b1d3-7a96ec8b8e82,2023-07-25,19420.49,0,0.8782,0.8782,0,1,0,242,1,2097.8205
cb8b9898-054b-4e06-84b3-0da68abbcf43,32666aef-3bcf-413f-887e-5089732f5947,2023-07-25,4444.235,0,0.8647,0.8647,0,1,0,62,1,300.5479
763db833-ddf7-4532-b892-a95648eeb701,831aa791-3937-41f0-8713-b10f9d9fdb1e,2023-07-25,42.47,2,1.0868,1.0868,2,1,0,14,0,171.3503
75cae1e8-d57b-4715-8d6b-a374e5f19705,5eaebd2b-649c-4a03-964a-a91102a58abd,2023-07-25,562.905,0,1.0067,1.0067,1,1,0,24,1,754.2238
66b7b88d-c586-45a3-b6d9-33cc6af6c1be,198e3a17-b957-4bed-8a62-ef2e42233c27,2023-07-25,12535.445,0,1.0876,1.0876,0,1,0,43,1,433.2485
100f0a00-701b-475a-aa3d-036f0679eff6,76e0856a-1d2e-4c63-a47d-8db631e5127f,2023-07-25,1019.39,0,0.8822,0.8822,0,1,0,29,1,111.1049
ade610a1-6e3c-49ca-8e3e-fb5c365105c0,30e91b21-7462-49c2-9e35-1f6773c711a8,2023-07-25,329.44,1,0.6646,0.6646,0,1,0,12,0,96.8211
24312cb2-3330-411b-aaf0-48a23e099ced,7571ea51-752b-4042-b25f-d66afcb150b6,2023-07-25,1054.29,0,0.7105,0.7105,0,1,0,11,1,167.5259
06980e13-e52b-47a9-9ec7-ccdfc0f429bf,30b46d92-17e1-415f-b5e9-0b295de8c106,2023-07-25,1386.32,0,0.9554,0.9554,0,1,0,17,1,2114.9187
5db8e270-c170-4990-ba41-8148dba90436,0a8a30e2-d78c-4627-8476-22354dc984d1,2023-07-25,183.14,1,0.9835,0.9835,0,1,0,9,1,273.6337
5cc83014-8a75-4239-ab89-6abbb8c04d8c,d5c25d6a-8953-4900-a36e-491f0b0f0bc5,2023-07-26,8404.775,0,0.9137,0.9137,0,1,0,14,1,10531.7879
f6617642-3f70-474f-b5e3-f0c93570f8ee,3813eef5-f4dc-4d07-9793-4e62225bab0d,2023-07-26,250.685,9,1.0182,1.0182,1,1,5,31,1,1271.3073
051a1d33-259e-4605-8c18-86711c237117,08188667-b039-47d2-8859-792c3639450a,2023-07-26,186.555,0,0.8624,0.8624,0,1,0,0,1,0
acf1d1bd-8ea2-410d-8908-acd92b3ab695,86c62d59-cd93-475c-b1c3-7f7a1dbe7891,2023-07-26,14.73,2,1.0221,1.0221,9,0,0,0,1,0
89e5469a-d2da-441b-b640-0a5b933ebf34,781b03bf-6959-487a-a33f-9731b48397b6,2023-07-26,99.05,8,0.967,0.967,0,1,1,9,1,624.35
8576908a-966d-43b5-83d3-ea87aeb11690,5a55091e-1b0d-400c-9eb0-70bf26fd63cd,2023-07-26,10600.73,0,1.1179,1.1179,0,1,7,61,1,2171.7235
92c6a9a2-578e-490f-92bc-f3952aa42759,dfa8c8fb-65a4-4b79-865b-9ef0b73515c2,2023-07-26,209.36,18,1.0726,1.0726,0,1,4,11,1,229.4308
d934bc2a-babf-4143-af0d-b1ea1100f47b,2f99f331-4f95-4383-8550-181642b3c5da,2023-07-26,2755.53,0,0.6663,0.6663,0,1,0,16,1,251.1124
73a9a0a1-cf7e-43e8-834a-8371c4d5c414,6981b259-04d7-42b8-8a7a-77e76e32cb62,2023-07-26,5802.83,0,1.011,1.011,0,1,2,160,1,937.9946
41614124-f1ac-4b6e-b7d2-7ae7f12912dc,936c5687-4535-477b-ad53-382751ab07dc,2023-07-26,722.12,12,0.9997,0.9997,0,1,1,16,1,527.0918
9c0c3cf6-fa63-4478-88d9-124dde7edb94,821cf87b-c4b0-4a9a-bbd0-d34782524ef7,2023-07-26,57.44,13,1.0172,1.0172,8,1,0,94,1,306.7391
029dbfbd-b28a-47a9-b089-64fc4e465a99,50e04472-7133-4504-a2a4-e2a39810c103,2023-07-26,41.03,11,0.974,0.974,1,1,0,36,1,162.9268
b1946dc0-ae31-4b44-8b44-04b304b9c3d6,0a28afd4-4221-4e0c-9e8d-cd918343e0b4,2023-07-26,72.67,98,1.0843,1.0843,0,1,9,146,1,424.3396
535f7dcb-d328-4068-8043-7315a2c19584,396a03cc-7bab-4e85-91cf-b4884c824bcf,2023-07-26,525.55,0,0.8006,0.8006,1,1,0,16,1,284.0764
4871d98f-97f3-4b5f-8371-9920a2284229,99f1965d-5646-49ae-b312-411aa9a8881e,2023-07-26,67.495,0,0.9935,0.9935,1,1,0,39,1,260.969
776f880b-0af7-4295-b01e-f739c206f848,8cc3de3b-f79e-495c-b716-5684250e0836,2023-07-26,2195.14,0,0.9564,0.9564,0,1,0,70,1,365.6296
4e064a23-fbb2-4b6d-bbd5-16cd98b2b868,af0fa04d-cfbb-427b-ac28-c676e4bf37a7,2023-07-26,73.13,3,1.056,1.056,0,1,0,22,0,370.9759
59a08cc8-749d-4573-b614-7e6e6c0dd419,f81e7d74-1c73-46d4-90d2-6e56825805d8,2023-07-26,6615.75,1,0.8431,0.8431,0,1,0,50,0,6995.2198
cc8bd1c6-588f-43fc-8f3e-5793837f2220,643715a7-81da-4701-836e-529cca03096f,2023-07-26,342.755,24,1.0839,1.0839,0,1,72,22,1,1446.3721
6682c741-bd8b-4dd0-bf10-6e308aa57ad7,06c4c14c-9a05-4961-97cf-c3ecb8cf3667,2023-07-26,539.28,3,0.6868,0.6868,0,1,18,1,1,106.0589
aab8001c-53c8-4fe6-b213-4e621de7d213,4188d789-0d62-46b7-a1dd-d9ff1d3732aa,2023-07-26,3105.12,0,1.0031,1.0031,0,1,0,202,1,467.829
b3e059b7-e201-42be-9d41-3865fc8b56aa,caf77617-7d11-42bc-a675-e190647b4b2f,2023-07-26,10491.875,0,1.1635,1.1635,1,1,5,16,1,2499.2352
179663dd-a0f5-46db-8eba-6a7b3216afdd,062e89d6-7611-4c89-8056-3731e63d4898,2023-07-26,522.505,19,1.0088,1.0088,0,1,10,143,1,441.1174
33214170-ac38-4f8b-8dc9-209aa9e62398,882c5efc-8146-48a2-824d-21e421c40d9b,2023-07-26,1980.52,0,0.7201,0.7201,0,1,1,72,1,859.5992
83c77517-b969-4421-bec9-c2b265de7cc6,85baffe9-5998-4308-8adc-6f7b33c1761c,2023-07-26,2829.18,0,0.9498,0.9498,0,1,0,180,1,883.9589
9d3d006f-889e-4f9c-8b4c-89ce681eb37f,a3560884-8413-418b-b328-0d81598b3865,2023-07-26,371.6,0,0.9768,0.9768,0,1,0,2,1,852.3748
6c3281aa-ddfb-4e19-8e17-b0ab8af8ccc9,5d2ada5d-bc32-44de-b5fd-f951c7bdd954,2023-07-26,142.11,5,1.0764,1.0764,0,1,1,89,1,463.565
050f1b66-2167-452c-8165-b9e9c6ae5a6b,c90b71b0-645c-405e-9af8-882d6271942e,2023-07-26,1409.73,1,0.9018,0.9018,0,1,3,23,1,2299.5963
7fe3fea9-cbd0-4675-9e71-342eb4bfa51b,90164366-56e0-4a2d-8889-f3cd19ab9749,2023-07-26,2111.02,3,0.6277,0.6277,0,1,1,20,1,777.7456
80b311d7-020e-4ef0-a90e-12998a921e39,914ae5da-cef8-459b-b106-034432fba76d,2023-07-26,539.61,43,0.975,0.975,0,1,1,12,1,8297.1309
22828ee0-2944-4aa7-b8b7-2d03b352ede7,76fc4519-2bf2-4b2c-877b-196e6382f7f3,2023-07-26,13576.54,6,1.1253,1.1253,0,1,0,79,1,4333.8677
b8da5568-65d0-4539-b624-13a75f739143,cb8be1bd-58b5-42b3-94b0-e4ff76ec5428,2023-07-26,418.01,6,1.0259,1.0259,0,1,0,104,1,654.6012
69e28de3-64c2-4a31-a54c-8b602c7bfb3a,16e570f9-40df-4c66-b65b-7503c6494697,2023-07-26,2622.16,0,0.5049,0.5049,1,1,1,57,1,148.4232
6462d619-7348-4bf2-a527-15107c54763f,a65bec83-248a-42a2-a000-37e7d42d6b4e,2023-07-26,1482.215,0,0.7191,0.7191,0,1,1,13,0,547.8312
282c73a8-8c71-41b7-8397-ca81536fb5e8,36d70e7a-3540-430c-aa63-c48050136cf9,2023-07-26,2317.5,7,1.0422,1.0422,0,1,0,11,1,3941.2025
79d61bcc-dd45-417c-8a6a-c2b54bfff0cf,035d6510-6fe3-47e7-8859-c890521a54b3,2023-07-26,360.905,14,0.9583,0.9583,0,1,1,132,1,211.6123
7f100a1a-6452-4e94-bbd4-c46ec357a4b7,0fb59f08-fb52-44e2-9e85-7fddf0e57a4f,2023-07-26,207.06,9,1.0662,1.0662,0,1,0,51,1,906.3301
0d6ca8ca-8fae-4348-9ef5-664553e81de5,ccd170b9-84a9-4d4f-aa96-fccb4169d207,2023-07-26,101.52,0,1.0014,1.0014,0,1,0,4,0,766.9701
9e9a76e1-e980-4f4b-be3c-ee115f098483,761d0458-91b5-4959-bae3-070c3d98460e,2023-07-26,1085.625,0,0.993,0.993,0,1,85,51,1,767.0604
5a8a1f79-92ff-4f17-84e3-628d7f3e2023,b9e9979d-c407-4ff4-8b12-da3cd56e47e6,2023-07-27,10032.825,0,0.7587,0.7587,0,1,0,35,1,1088.6982
ad39e6b4-a646-4d65-82d6-19acd977e1ce,7a90d2e2-8365-42b2-a815-2a4057076581,2023-07-27,372.95,1,0.914,0.914,0,1,0,36,1,102.2632
d470db19-0137-495b-b4d1-3d7c8ab3c6d7,7a857879-f051-40b6-896d-0a3ac09f7a42,2023-07-27,2198.05,1,1.0093,1.0093,0,1,0,235,1,538.8019
837f895d-88f4-4f82-93a5-557be6f753cb,7df7c896-f728-469e-8b8b-3e6e84a76e8d,2023-07-27,1603.4,0,1.0688,1.0688,1,1,0,78,1,220.6973
3a136175-6584-4594-b761-0faf1e131acf,7ed467f9-4ef1-4e33-a097-a5824b4604e9,2023-07-27,8172.99,0,1.0667,1.0667,0,1,27,370,1,1451.6818
12c2a65b-4287-475d-87ba-1baede223cf8,328734d5-79dc-4d91-81e1-c89e18d18d35,2023-07-27,9762.6,0,0.8214,0.8214,1,1,0,39,1,850.4043
37a348f8-d2ec-48ec-9bdc-b05614e1d62f,07fd4073-1e47-45a4-a94c-e6e05666a173,2023-07-27,506.84,2,0.9811,0.9811,0,1,11,48,1,352.8961
4ea733f8-efce-46c0-9d05-da5291e3a058,5afac476-327e-4494-9fcb-419d858153ce,2023-07-27,414.05,2,0.9025,0.9025,0,1,0,62,1,589.4693
233e2cb7-0131-465e-8f5e-9681152742ec,7d08504e-636f-4319-bb5b-b00241bad8de,2023-07-27,1894.14,0,1.0649,1.0649,0,1,0,18,1,757.2695
5feace66-a032-4af3-adeb-a36c3c186c1c,539a8597-5904-4160-a015-f278d621633f,2023-07-27,0.31,0,0.9822,0.9822,25,1,1,44,1,98.4693
80f1caf4-c2f2-4aaf-a756-ef91344298c3,6a2b0f78-8882-4cf9-977b-225d31715bd9,2023-07-27,2047.595,1,1.1379,1.1379,0,1,146,127,1,420.072
92a28091-7574-4f63-8947-4463ecdc39fa,698f5452-0e0e-4bbc-8072-68442411f024,2023-07-27,167.6,3,0.9751,0.9751,4,1,34,20,1,266.4049
c3010ff2-47d3-4268-9280-82b61cbd5f7c,2a479916-2fbe-40c4-bb0a-2b6cb4949cdd,2023-07-27,207.67,0,0.9952,0.9952,0,1,0,12,1,308.4609
08c75763-9ac2-4e1f-8af0-73a54b5a2666,bc8a1afb-0b04-4188-b886-9f75fef6418d,2023-07-27,23524.9,2,1.3505,1.3505,0,1,0,2,1,3108.5686
24f03e12-6268-4f9a-a59c-a565a9ea76f2,81b57e67-ad15-47ba-8531-74a54a42d1a0,2023-07-27,3205.32,0,0.8683,0.8683,0,1,8,115,1,2273.5453
1ba6a1d4-72c0-431f-bd35-25ff8c4e6fd1,adce3401-d1b4-418d-a980-545804834796,2023-07-27,525.91,62,1.1016,1.1016,0,1,0,138,1,1737.0428
324ac3dc-8b9c-4203-bdcf-8f743e453b82,4ddce90f-6bb2-4ac2-8b15-cc1cce14b3aa,2023-07-27,1762.14,1,1.1732,1.1732,0,1,0,2,1,2149.4954
7a5e0d3b-a379-482d-98b9-83226acab357,03bda5a1-bddf-494d-aca1-dcccd0056fd1,2023-07-27,1786.15,3,1.1747,1.1747,2,1,0,109,1,276.3682
cb1c143a-3b86-40eb-b623-6627bc37958e,e3222502-7cac-4346-99d9-4df136d2f0b4,2023-07-27,404.33,2,1.0154,1.0154,0,1,2,6,1,869.1901
452e6150-4526-43f2-bb94-7a3244e13c93,fd3744f6-035d-4a6b-a0b7-ce5eba8ebe9c,2023-07-27,96.95,6,0.972,0.972,0,1,1,30,1,420.7132
70729b9f-2c80-4a75-8eb1-e64950da02b9,89984f68-f8f9-4800-8461-9b3ace7d751f,2023-07-27,129.51,0,1.4002,1.4002,0,1,2,61,1,31.95
e974a8d3-7c3d-48c4-bfe3-5d9d95bd8dcd,19483393-9d22-4f5b-a13e-6628860eb009,2023-07-27,14077.32,0,1.6464,1.6464,0,1,0,7,1,2358.9522
79efb966-4fa8-459d-9410-3860fe750efa,ce276c41-75fa-44f1-9788-085df511cb1c,2023-07-27,3229.01,0,0.6254,0.6254,0,1,0,15,1,1662.2335
19a18f5a-94cf-4009-874c-572afc98f00e,c731f24f-683a-451b-a4e1-0faa35833dea,2023-07-27,2701.645,0,0.8981,0.8981,0,1,24,139,1,1461.6305
10fd0084-8988-44fe-8f2b-0e2de57e405e,e7d6f535-5bd8-4480-8288-758b365ab1a0,2023-07-27,0.88,5,39.2568,39.2568,0,1,0,0,1,41.2613
95c3a0f8-ba51-42aa-bedc-28cefebf5677,72eccd26-365d-4b87-8b74-8b1e935e74de,2023-07-27,512.6,0,0.9435,0.9435,0,1,1,70,1,1753.8038
a1e3a749-113b-4ae9-8db5-0eb2b770b2d7,81f90066-552c-4d07-b19d-cd9003ace9ee,2023-07-27,198.09,18,1.0844,1.0844,7,1,0,266,1,580.6087
f8d8485a-ed47-402a-8bf3-12a5788371e1,1ffda8ca-12a1-41c1-a948-5867242f5bb9,2023-07-27,806.81,22,0.9882,0.9882,1,1,0,140,1,611.9399
d247d6f9-2153-401b-a087-6b0d2d0e2b57,d8e339de-5d77-4c94-93bb-be3b0345089a,2023-07-27,9718.7,0,1.0653,1.0653,0,1,50,767,1,1587.0413
1c66e700-8a67-423b-a08d-7bdd1b0882bb,a496cd45-0882-4dd7-847d-6bbdc258489a,2023-07-27,3966.17,0,1.0148,1.0148,0,1,0,42,1,1012.978
5d6520b8-e61a-46ac-84fc-814f6d350953,9ef39e3d-5e45-4ba8-825f-dd5d4547e9c6,2023-07-27,857.09,0,1.3492,1.3492,0,1,1,21,1,314.4227
aac64117-fc26-4c8e-b158-15c7af0afa53,95a2d3f3-fa38-4331-8fcf-eedeea2d7481,2023-07-27,568.805,1,0.9696,0.9696,0,1,0,53,1,65.8098
4599e9e4-cf6c-4243-aa28-fc5eee2f3982,e3789914-07d8-44fc-a892-a3eb4d6cc4c0,2023-07-27,479.42,1,0.9973,0.9973,0,1,16,22,1,128.8739
addab92c-8e83-472c-92eb-489407c9371f,105c2dd3-e978-4b39-a2b4-e864992a4082,2023-07-27,4955.52,0,0.9254,0.9254,0,1,0,153,1,517.7163
151e8115-2e51-48d6-b6d1-526d27827e05,4f5a665a-4086-4fe0-bd03-fda016e338af,2023-07-27,49.27,3,1.5894,1.5894,3,1,0,6,1,773.7631
26c9cfdf-f4ab-427a-b4f0-c1b6e0799161,319cf28c-2583-4112-8041-6fa31683b4d9,2023-07-27,378.75,14,1.357,1.357,0,1,0,42,1,871.107
9b9c2b93-206e-4f65-b51c-c67e5e25346a,2395adb4-6e09-4120-9749-e2ba589755c9,2023-07-27,228.27,2,0.948,0.948,0,1,70,0,1,0
9eafbab9-69ac-43b6-8b90-b86e5aa06c41,d4e4c8ab-a27d-4f27-b0b4-8e5074f2673e,2023-07-27,8779.29,0,0.8801,0.8801,0,1,1,19,1,3132.9701
6e8901d9-063e-4968-bed3-4bef11677bd5,b8b23535-f8b9-4109-9b5f-237a38a621ac,2023-07-27,1268.42,1,1.5501,1.5501,0,1,12,44,1,506.4039
fd79313e-c640-479e-ba1a-c51d61d65ddd,34cca163-9a9f-48fa-b1f5-694ae2b75e15,2023-07-27,464.67,4,2.2428,2.2428,0,1,0,14,1,59.5898
e5652cd8-8216-4da2-8317-75325c0a1fb6,d6ca56ce-778d-4667-9aba-0dc888efef20,2023-07-27,7854.45,12,0.938,0.938,0,1,2,144,1,1847.316
3dd00aff-f2eb-4b7e-bd4a-1682cbfa12e6,bd5546de-f248-4988-9c81-f3df7e38b2b2,2023-07-27,23.66,4,0.9915,0.9915,0,1,0,16,1,729.841
0de8fe08-56db-4417-b48a-438b09aa8f47,8358e07b-442b-4175-83d6-1d210b2e8af1,2023-07-27,506.91,20,1.1036,1.1036,0,1,5,39,1,5344.6804
e31ced71-55bd-4f62-ad6e-5afc03aba9e4,7d22dae1-7d98-4d99-ab63-42074496afb9,2023-07-27,741.71,1,1.0031,1.0031,0,1,69,2,1,180.0776
41661b4e-6db9-4d83-ba4e-c5d9a6fd28b8,a371e219-950d-4b55-b5f3-06a1359729ac,2023-07-27,135.06,4,0.9212,0.9212,0,1,0,23,1,183.101
38bf5cec-e48d-45e3-88a8-c4196930ebb9,1fd7d274-1fa8-4f85-98ab-8c4587bf0216,2023-07-27,286.95,0,0.9835,0.9835,0,1,0,48,1,93.1312
85f97c42-62b4-4fa1-a3ce-58aded44c264,5d130c82-9b97-4f85-a653-da6b769a4eef,2023-07-27,9353.21,0,0.8737,0.8737,0,1,6,19,1,3663.2988
ef81fda6-aca2-448c-9788-e31c6b052ec2,60e0b612-6de4-40e0-8fee-aa2a108f5b6a,2023-07-27,171.59,5,1.1016,1.1016,1,1,0,28,1,178.3278
d91eec68-b9e0-4d6a-ad3a-2eb4d17ad70b,8b92d665-2688-4902-aa62-a4bee2127f84,2023-07-27,333.78,46,0.8598,0.8598,0,1,7,34,1,12500.3088
61ff3d83-3a45-43a2-b5e1-9a2e523bacbe,f8580986-5d4c-4db1-a3bc-3def2e99bb89,2023-07-27,1151.52,11,1.0457,1.0457,0,1,0,63,1,1501.7728
42a32712-512b-4eae-acec-416303af7182,4504fc2f-74a7-4f4e-ade6-c91654984918,2023-07-27,254.62,1,0.9718,0.9718,1,1,0,11,1,147.193
c1468c83-e1c2-4622-ac9d-74c0ac236089,a65e46d4-5b2c-44f3-b952-bf5617c8e514,2023-07-27,698.605,1,0.9966,0.9966,0,1,0,221,1,158.1433
ed7f0ea9-c318-4fbb-841e-0e1919716116,522ad8c0-faf6-45a8-b609-3726c4256671,2023-07-27,72.405,12,8.9028,8.9028,0,1,1,3,1,266.4417
3534b616-4e0d-4fc0-9b21-9fc067b5de82,bdcaed05-3546-46f1-a4a5-7b1a1fd8dd35,2023-07-27,1237.57,0,1.145,1.145,0,1,0,147,1,477.8435
f744b4d3-3f7b-404b-9f4d-ff08fab6d8e4,5b1bf32a-4766-493c-9cab-c08447a7c078,2023-07-27,2929.25,6,0.9608,0.9608,0,1,1,10,1,1366.3444
04722e48-c707-4823-a56a-3d03c68d0cba,7cc2775f-f738-4e31-918d-ce4590ba72b6,2023-07-27,1396.68,0,1.0904,1.0904,0,1,0,102,1,357.1237
54dad413-9555-4349-9960-50da26c21ce4,4e89931b-1217-4dca-b5f3-1f5cc81f7c56,2023-07-27,9422.49,0,0.8351,0.8351,0,1,0,12,1,1896.5636
99d7ba5f-17a5-4fc1-8af6-289862fdd02b,46e9986a-4322-4033-9afc-f6ea93cc759c,2023-07-27,7278.055,0,0.8215,0.8215,0,1,1,16,1,3463.2546
db8dcdb8-0b2c-4888-a380-5cd5778bcff3,463d4f26-cc71-499c-8441-f8376005ee04,2023-07-27,553.85,4,0.8878,0.8878,2,1,17,0,1,15.5453
b9b287d1-5a1f-400f-9b8c-99771454ca8b,efc70319-2fec-46be-b400-4c752b66d0e0,2023-07-27,1950,0,0.8571,0.8571,0,1,0,29,1,6667.6702
8b184e2e-c29f-4022-b54c-fc0292e095c9,11990db3-cb01-47d7-8cef-10e0bfe6ee3a,2023-07-27,7338.05,0,0.9391,0.9391,0,1,0,21,0,1431.1613
a00e4cba-06e2-4652-8b43-1125b9403f18,41283369-f46e-4e6f-ab5b-0fbe88dc413e,2023-07-27,4501.395,1,0.9998,0.9998,0,1,1,73,1,195.0453
9e284f34-9d1d-407b-942a-2d26a381da8d,75e94876-5c0b-44b8-aa9d-fc5e162179e5,2023-07-27,708.55,0,0.8756,0.8756,4,1,0,25,0,196.5519
ddccbd82-11b2-40ce-96ed-87493834a329,2c9da4a0-d9c7-4e9d-8d83-3df50690225e,2023-07-28,1773.49,2,1.3727,1.3727,0,1,0,0,1,0.0707
4acf4a8f-7845-4434-8516-6f9bb4694010,78d0e138-7d85-4825-8022-376b64d2039c,2023-07-28,4962.01,0,1.0559,1.0559,0,1,0,1,1,6328.6057
59a0ce75-2c46-4c1f-9914-87225f06d651,946d917e-d683-4fee-a323-50c4db653fd0,2023-07-28,355.8,0,0.965,0.965,0,1,0,141,1,499.7169
a75294b0-77e4-434c-b214-3b0decbdce87,b5258eb0-4d83-482f-ba73-aa7be1a1f983,2023-07-28,12485.78,1,0.9829,0.9829,0,1,0,107,1,1649.9218
0cf1b988-877f-4841-91ca-6a9e0a232c34,72f2636f-a2f1-43f6-8439-cecec3ea1687,2023-07-28,5986.5,1,0.9276,0.9276,0,1,4,23,1,913.4898
57bf6d46-8b76-4aef-adf0-044e3626f4c6,b12928d8-be56-4a0d-9fcd-cf674a9294d3,2023-07-28,1001.25,0,0.9257,0.9257,0,1,0,31,1,421.7436
4a7b315b-55e7-4772-87c9-e7a41287c1cc,d7a45dd7-92f3-4f43-9f3e-531e23525836,2023-07-28,117.6,1,0.9996,0.9996,0,1,1,18,1,492.9433
679b558f-d533-42e2-8a12-4045a7818d5b,240a3a89-e001-4b89-8aa2-de01b31411c8,2023-07-28,2562.88,1,1.0064,1.0064,1,1,10,99,1,1527.3357
dc78f36b-4f86-4dc5-b35a-939ac10dc3d4,225e2dba-b842-43d0-b184-b7d3f0981664,2023-07-28,20739.68,3,0.9022,0.9022,0,1,2,39,1,10618.1697
69c1c50a-5152-4b3c-8775-640fb5dc7e3d,b1c7e5a6-1447-4315-8667-d9eee1054640,2023-07-28,150.9,2,1.0179,1.0179,0,1,0,22,1,387.5249
3ac08a8a-a8e1-46ff-aafd-6ce3158d9d48,09ea61e0-1363-4e56-bdcc-9322819f1890,2023-07-28,1420.82,0,1.0756,1.0756,0,1,32,0,1,23.2451
a8b13cb3-da5c-4a1a-98a7-f7d05ec2e3e3,db6f0432-ad9a-4b39-a2d1-376e0c2b4074,2023-07-28,478.96,25,1.0806,1.0806,0,1,14,25,1,1254.1637
de6c502a-9639-437f-aa24-780a81c33044,24e74d50-bd5d-47eb-ad37-0b8079f58c36,2023-07-28,65.175,9,1.7999,1.7999,0,1,0,8,1,240.6645
c6785d12-a295-465a-84b4-965b591f0256,5da5ebe4-91c6-40dd-82bf-d1227aecb4ff,2023-07-28,347.305,0,0.9166,0.9166,0,1,3,14,1,293.5352
c02b6544-e913-4a2e-988b-9e57607b472b,37d6890e-1729-4450-a7f6-c99f6dee394c,2023-07-28,504.28,8,1.0045,1.0045,0,1,2,20,1,795.4186
49410c03-3fe1-4e06-a2d6-4ba5094c8f88,eac85cf7-e40b-4676-9ac6-5ce3f4afc959,2023-07-28,287.895,0,0.9544,0.9544,0,0,0,0,0,0
20e89a19-0b4a-4028-8209-0264a0ef1b8f,fe46d075-51a4-4843-8edc-bd3d31e19c10,2023-07-28,6674.7,0,0.7911,0.7911,0,1,0,233,1,316.46
794827ab-471d-48f6-8bf4-507cad1f9735,245c6db1-0fb3-4648-8fa6-8e71b9ea5164,2023-07-28,3332.46,0,1.0175,1.0175,0,1,0,13,1,1280.7966
92604183-ae13-44c4-8bbb-cd874850bd8b,af5b03b0-ebb3-45b0-b50d-84a6ae137735,2023-07-28,11.09,0,0.9998,0.9998,1,0,0,0,0,0
7d0b9f36-d3ed-4181-ae1a-9467bb7c4f7d,069fa549-f22d-4784-9151-f213a9d9ef74,2023-07-28,1218.42,7,1.1166,1.1166,0,1,0,39,1,10381.5723
b4c9b06d-f2dc-48fd-8cd5-d339afd10418,12973769-3906-4161-849d-700df9ec8b18,2023-07-28,6717.95,0,1.3526,1.3526,0,1,26,145,1,631.869
c5abd790-9a02-4183-9219-77478bf45d69,87a1d95f-d48f-4492-af57-6b3a5d66f44d,2023-07-28,1139.63,53,0.9645,0.9645,0,1,0,50,1,2033.7058
9318cb22-ad9e-46a2-a395-7b0e7930a3ce,d5e7e25e-0231-40c2-aae9-1a5c32f8ef2c,2023-07-28,119.935,1,0.964,0.964,0,1,6,15,1,155.3522
f0655524-04de-49c2-bf72-076d0ddff6f3,60f2ce0b-2999-4f84-85f5-9c07203075f4,2023-07-28,239.685,8,1.0605,1.0605,0,1,0,53,1,714.6734
d162e317-f642-4512-95e8-035018acfe0b,12a55796-2c2c-457e-9062-c44c9fa8d8c2,2023-07-28,156.04,0,0.7515,0.7515,1,1,0,15,1,140.9279
8ce8e993-6e2b-4831-8c4b-2b39ccb73eba,eefb342b-96ea-4cbc-87e2-41cead795e3a,2023-07-28,36.37,11,1.3344,1.3344,3,1,0,10,1,409.17
6bc5f725-a751-40c3-9611-2fb7bc57785a,888a4b5e-3757-439b-af44-44f53f06e368,2023-07-28,282.745,5,0.9036,0.9036,0,1,0,78,1,802.6513
91a59fa9-1904-4a75-972b-278b07675932,dbfbc345-b25b-4978-8571-253de2f75c3a,2023-07-28,1066.04,2,1.4273,1.4273,0,1,0,14,1,823.2625
b8ec41e7-544c-40ca-b552-08284758c467,0ded8125-b140-4a3c-9d03-43d4be133b56,2023-07-28,3866.195,0,0.7672,0.7672,0,1,0,23,1,5708.1532
6325e1ea-0252-40bf-8d7c-1d1d2b8881a6,51963dc6-db0a-4c8e-b10e-83e1dcb6ff79,2023-07-28,81.7,12,1.0294,1.0294,0,1,0,16,1,126.2415
ba251c09-7891-4ad7-a03a-095d76ba9211,1b65ef48-771f-4675-9719-052194297249,2023-07-28,0,0,1,1,3,1,0,2,1,2886.5955
551791d8-e1cf-4cb4-9c87-748fd1d1c147,82178b11-53e3-4f2b-b24d-ef8853e467df,2023-07-28,409.94,5,1.0283,1.0283,0,1,0,45,1,1722.8801
755b66ce-6ab7-4a5a-a16f-e92a5fb19def,54e7ba06-4f7d-4ba0-8616-044442968300,2023-07-28,232.12,0,0.9778,0.9778,0,1,0,9,1,132.9442
58834f44-7b36-41b5-a120-da7eed62120d,4ead3092-fdd8-40b0-be50-65f74ca76d23,2023-07-28,195.3,0,0.9972,0.9972,0,1,0,5,1,1250.5306
331b6c84-8bb8-4a88-a91e-9ffdb6971fcf,cee9d17d-41f9-4ccb-b3fd-a9918d2b8672,2023-07-28,22297.08,0,1.5764,1.5764,1,1,1,14,1,1539.2677
9e577f78-0e77-41e7-bbaf-47b579960999,ad9975a3-c732-4750-9abf-ca9fc0c99981,2023-07-28,33.005,24,1.097,1.097,1,1,9,3,1,60.3726
2ca0cc93-36a1-4a82-98ab-a835252e2011,4a4cf11e-fa77-4acc-aef5-cc814da82e52,2023-07-28,3.83,12,1.6281,1.6281,0,1,0,5,1,1468.6873
6941d071-dd71-45c7-9060-b7b7a190c0c6,14322fe8-2a87-4d48-be18-a19b236281a0,2023-07-29,1582.25,2,0.8688,0.8688,0,1,66,307,1,391.0107
c32cdfc5-6cf7-444d-8b3b-c741056844cc,d5d845c5-99da-4a0b-b4e0-cbb5fae84756,2023-07-29,2578.245,0,0.823,0.823,1,1,0,27,1,411.6895
ba94d4dd-add2-4f03-9ced-8e24f17e11ae,23a2e077-22f2-4bb1-9eec-fd996040c95b,2023-07-29,446.47,0,1.0205,1.0205,0,1,0,13,1,108.6558
e3ed5043-7a3c-48f3-8a64-914e3ef97553,869c74c2-2fbb-4231-bffe-de0cc0910a1c,2023-07-29,2311.165,6,0.971,0.971,0,1,6,34,1,1029.6353
11a1a55a-abcb-4623-b4ff-01259c1132f7,dac9ff8b-37dd-4fbf-ba04-4b3e4eab88c3,2023-07-29,2843.19,3,0.9956,0.9956,0,1,3,48,1,1591.1828
3cb65d44-4ce3-4a4f-8a31-306bce85b494,299c9e8d-c9d4-448d-adbf-af2445db1c4b,2023-07-29,257.76,2,1.1981,1.1981,0,1,5,4,1,250.0842
8481d507-f348-47f4-b270-98102340c769,4592c671-f867-4254-b0e3-f860695caaef,2023-07-29,5681.08,0,0.8203,0.8203,0,1,5,34,1,919.2761
a7433428-3605-4ce8-974f-3393593ba05c,fe2d5ec5-cead-40fb-b9c9-ae362bfcb41a,2023-07-29,12.72,0,1.0561,1.0561,0,1,0,1,1,4983.4651
5228c711-7a5f-42be-8784-99214f001bd6,fd019b55-05db-47ee-b4d2-0c50e72b9f3a,2023-07-29,1687.1,2,1.011,1.011,0,1,0,384,1,1145.5437
70b53941-c6b8-49f2-872a-ba8c5535e13f,99528ea9-d666-494d-b967-275a627cde0e,2023-07-29,7231.14,0,0.9726,0.9726,0,1,3,566,1,418.1757
d690d5f2-c7ce-44d8-9a99-b749f6b68d58,bbce781c-116f-4cd6-a55b-6bf746972049,2023-07-30,18.06,0,1.0004,1.0004,0,1,0,8,0,0
cb999572-333b-408d-8a2e-2d7a8105f81b,cd9ec398-cc7b-43d8-92c8-9776a19146ce,2023-07-30,8969.165,0,0.9778,0.9778,0,1,1,52,1,215.9622
a91318be-648e-4006-a11d-4d2f66231f88,f535888a-c9a8-4d1e-a4b4-266582603298,2023-07-30,777.84,0,0.8982,0.8982,0,1,2,14,1,719.9236
9465b216-5b0a-4d6b-93a1-7ca417ee49d3,32bad8c0-c723-4fda-a1f6-4d332fda25c3,2023-07-30,196.8,2,0.952,0.952,0,1,0,14,1,103.1063
aab72b70-f4d0-430f-a900-1c4329641122,3b8d3429-63e2-4482-bbea-fb448bd6725a,2023-07-30,202.32,36,1.0505,1.0505,0,1,0,319,1,1002.3169
87938d17-f2ea-40fb-b7b9-72ea6ca5aab0,694c07a4-ee52-40a6-b8c2-54a0ed570bec,2023-07-30,52.86,2,0.9995,0.9995,0,1,3,12,1,219.7244
7c0f0338-e5a0-4c2e-8805-1c6f64eeed8d,a8353bb3-3235-4406-a726-1767a641a6d6,2023-07-30,536.99,0,1.1116,1.1116,0,1,0,25,1,301.0702
7f48fc35-d908-4a77-b6e9-7b44881e48c9,bc071c6f-4d40-47d4-a480-fab8cea513b1,2023-07-30,663.55,0,0.9602,0.9602,0,1,2,52,1,243.2452
c6824b1c-9295-43e3-9e14-aa4934f85390,f7efdf97-5240-4e08-93a4-389dd4422bdc,2023-07-30,646.19,8,1.1452,1.1452,0,1,0,309,1,176.4015
6f96ee42-0a89-448e-bb1f-997dfdc49f78,edcc2a02-e3d2-4316-9ac4-b97532fcef6b,2023-07-31,526.23,0,0.9313,0.9313,0,1,4,19,1,147.1022
a050d60b-bb4e-49cc-92eb-ce94f895a1c2,92dc7a35-2fb2-42a9-86b7-3b0019bda62a,2023-07-31,205.39,0,0.9562,0.9562,1,1,0,7,1,363.5823
af25f58b-002a-4868-a053-2c277fc9eb8d,967d7389-dfc9-464e-ba54-66fdf0f1dbf1,2023-07-31,6204.1,0,0.976,0.976,1,1,77,2,1,384.2018
048286e9-b3dc-49f5-8862-7a4004244045,26ff6bcd-ffa0-4934-a06c-e3df2f93a7ce,2023-07-31,595.22,2,1.0198,1.0198,3,1,0,14,1,104.971
255fba61-d860-4f97-8fea-b3db3e5a1962,ea27ef04-b942-423d-844c-0d4ef28c307a,2023-07-31,691.39,1,1.0002,1.0002,0,1,4,17,1,5646.762
78ab3fd3-fd48-4f5a-8074-c644d6d9f246,dfd384df-1137-4d4f-ab18-59030d2dc314,2023-07-31,80.53,0,0.9587,0.9587,0,1,0,110,1,219.4245
4cf8ea0f-4ae2-4200-a791-32b303f6ec44,b14be360-7e0f-429b-a1d9-d355178c18e7,2023-07-31,680.12,0,0.9903,0.9903,0,1,0,7,1,717.6753
854a8535-1f78-48a1-956a-579ef947e61a,fd33cbd5-2907-4289-963a-a265d24e530d,2023-07-31,9464.435,0,0.9735,0.9735,0,1,0,282,1,868.6683
f4ada607-8900-48df-b4cb-e5100f860875,90f54ff4-43ad-430c-9eca-abe92f157dc1,2023-07-31,14486.51,0,0.973,0.973,0,1,5,127,1,12590.0994
8e5fee8e-1fbc-4281-8f4b-4262d6c35e71,ca5dca2d-0f31-40c6-b0f7-578e8a6f531e,2023-07-31,3573.53,0,0.9098,0.9098,0,1,4,74,1,623.306
4238f409-bd80-4549-9b76-cd25cd76a725,b08daa98-d8e3-4fb3-94aa-26a8f0d8ef4a,2023-07-31,48.06,0,0.9914,0.9914,14,1,0,0,1,36.0554
70c5d820-56ae-4e59-817c-fd1e1786026f,703e55aa-19b1-4656-9b35-b72a47d1e509,2023-07-31,1055.95,0,0.8175,0.8175,0,1,14,10,1,318.5341
a4415090-1283-450e-9fee-0c8806542fea,d640a7d5-d259-4851-bbf1-5217f7f27673,2023-07-31,117.93,1,1.0068,1.0068,1,1,5,8,1,288.5274
9e1be83d-58ae-463d-a97d-232de9711a3c,bed267a3-a5c8-4d6e-bfa2-4fdf0537035a,2023-07-31,1114.63,1,0.9962,0.9962,0,1,2,84,1,801.1458
2c495442-7bec-47f6-8b75-d2402a6ebfb5,5bb00cf3-4021-4fc9-8f97-4ce8a61fc322,2023-07-31,40.77,29,1.8285,1.8285,2,1,0,35,1,831.5848
8435fe65-c8e2-4ff6-8e4f-8fd74c26596d,a374c382-d186-4a09-ac21-cc053b365832,2023-07-31,1127.38,2,0.9777,0.9777,2,1,9,5,1,6514.7646
1a995934-253c-427a-a313-be6ce5698068,12dd5f36-7b77-4b46-be15-49c05fb842af,2023-07-31,109.39,1,0.9987,0.9987,0,1,0,17,0,909.199
