OD_COUNT_3M,ZERO_BALANCE_COUNT_1M,RATIO_ACH_CREDIT_AMT_90_180,RATIO_ACH_DEBIT_AMT_90_180,STDDEV_AMOUNT_ACH_C_1M,DISTINCT_ACH_C_TXNS_100_6M,DISTINCT_MRDC_TXNS_1M,RATIO_DEBIT_CREDIT_1M,RATIO_DEBIT_CREDIT_3M,MEDIAN_RUNNING_BALANCE_6M,LENDING_BUSINESS_ID,BUSINESS_ID,CREATED_AT
,,,,,,,,,,65c461d7-8a42-44e0-ae1e-766f36768d8d,a2f165ec-3e46-4006-95f7-b0c036a23bf7,2023-11-01
,,,,,,,,,,e7efab7e-8e0c-4589-9853-37643537689c,175f801d-f919-47eb-a808-b200d52caad7,2023-11-01
,,,,,,,,,,3e1fa18c-bed6-4d64-a9b1-1e344be71aea,472fc1de-9377-485d-b790-ffe2186b74f7,2023-11-01
,,,,,,,,,,b161d845-ea8d-4d0b-b266-d840deab70aa,c9ecddc2-7cd8-409c-9a04-34611f6b84de,2023-11-01
,,,,,,,,,,097d9afb-3d93-4a79-8d27-a0325fb1f806,d6b9ada7-885c-48a0-b6c1-7a6e80789b38,2023-11-01
,,,,,,,,,,dcb40f51-2b96-4a74-9df4-e549eb92e1d3,d417bdd8-1441-4bb5-b6c0-e663000c8311,2023-11-01
,,,,,,,,,,ad4f238a-eef6-4ab4-8245-ac434058b265,016bf13c-fbb4-449f-8891-aa21f4602b77,2023-11-01
,,,,,,,,,,51933030-1bff-48f2-a340-05b7d55f000f,7116344a-af68-466f-b1a1-58a2e0433f43,2023-11-01
,,,,,,,,,,177e2e69-f909-4057-ba78-a71950f4c954,817ff778-4645-43e3-8b59-c56ce54f7871,2023-11-01
,,,,,,,,,,46cad3d3-27c2-4bb5-9418-36f1eb92a9d1,740b413b-5d11-4522-bac9-e1dfdacecc88,2023-11-01
,,,,,,,,,,7cb001e0-8f93-42f9-9475-bbf6a0a4259d,d190fc0d-8f52-4d51-b269-7535265d0832,2023-11-01
,,,,,,,,,,2997877f-3ac2-4cf5-b432-dc5ac81fc7c3,c19592c1-a5a5-4b02-aa8a-bcd6f4b4fdf1,2023-11-01
,,,,,,,,,,d6307562-9a01-4988-8a0e-eed308d46361,6e8d092b-e512-4237-beea-16b17c674d98,2023-11-01
,,,,,,,,,,e2b25ce9-eaaa-43a7-9145-1b54a051bab3,b5860991-db8b-431d-8dd9-819a0b304cc8,2023-11-01
,,,,,,,,,,d42cf709-6366-4f5d-bf97-f5804541d99a,438e60a6-6cb1-4ede-8ff1-47c0b4d7ddba,2023-11-01
,,,,,,,,,,b5e7293c-4640-409b-a1c3-33b88f36e402,4560e2e1-77b3-423f-bcf8-19657a888e8e,2023-11-01
,,,,,,,,,,e4737b2c-e865-4314-b85a-b37862b725ac,22964ac9-bbad-4e23-8d31-3b310d6f312b,2023-11-01
,,,,,,,,,,82e10866-f5a6-40b8-98df-7f8edf29a04f,00e4b866-42fb-4649-967d-d3fa1a199e53,2023-11-01
,,,,,,,,,,9e5e41c7-dddc-4f2b-8569-5e99d1fd12d7,44b08beb-3722-4ddf-8d82-a6a71fc019f2,2023-11-01
,,,,,,,,,,c0cdbd77-77fe-45b0-9cf6-c9a923ab889c,2cb9a757-dc5c-4a17-8ec7-7e2906c6cf3a,2023-11-01
,,,,,,,,,,125d0bbf-0543-4dbf-b377-8eeca36fbbcc,fed78cbd-8f48-41c2-83b4-cf8d706c6ad8,2023-11-01
,,,,,,,,,,6b7003ae-3b1e-40a1-ba86-5fb8de4dbcf5,4d091d44-519d-4735-9752-31e679c79cd9,2023-11-01
,,,,,,,,,,5228be26-06c8-45cb-94a5-c56072f4c7e2,b0279f25-8f46-4d54-8c6c-cfb6baaf3fd3,2023-11-01
,,,,,,,,,,e9e14d0d-c972-4b4b-b657-0573cbf4aba6,77f9a2a2-05da-42ad-8a62-a9c00bd93869,2023-11-01
,,,,,,,,,,22c964d8-d714-47f6-8488-8c3424e9ae75,767f485c-b06f-4a76-a0d8-6d47e14b6d25,2023-11-01
,,,,,,,,,,2f9ca75a-c9f5-4e8c-ae62-a5586506eac4,891de4fc-f07c-4e07-9880-f0e5d7eb4d9f,2023-11-01
,,,,,,,,,,0c8194a4-95a5-4dba-83cc-a3b99b395bad,a60dae02-be9d-43da-9999-dbed8e26db71,2023-11-01
,,,,,,,,,,ef6788f6-ea8b-4e6a-9a6c-0ee9a8264100,796757aa-8b21-40d1-9193-a0f1fb85aa9c,2023-11-01
,,,,,,,,,,8c242be3-0d2f-4d82-a8dc-5b904e465ffa,3fffdfbf-c0b3-4187-834b-3094521a1f28,2023-11-01
,,,,,,,,,,8ca5fcd0-6dd5-4773-9605-08a3c163450d,272d4dd1-66c9-4fcd-9d7c-9d004742438a,2023-11-01
,,,,,,,,,,89fc06c8-81bf-4ebc-9541-281489677e79,a092be4c-7e66-42df-adf6-568f36bfc838,2023-11-01
,,,,,,,,,,f25f3143-0fcb-425f-ab35-5b73ba8c48a2,68b8eef2-3219-4a46-be73-938059ce61f0,2023-11-01
,,,,,,,,,,cbc87add-7e49-428b-bcc3-a00b82361cda,25acda57-69f1-48d5-98fb-89781a4c2efb,2023-11-01
,,,,,,,,,,40f6ea58-b9b4-48f0-bc40-486f894b429b,e0e46e36-f12e-4302-9646-6da080cbc8aa,2023-11-01
0,0,1,0,0,1,0,1,1,851,55477d64-6179-4082-a807-2ad2759d78d8,20935805-7c1f-44c7-a40d-e601c2d3c71a,2023-11-02
0,0,1,0,0,0,0,746,746,6108,5e7cc7e6-2ff1-4331-a458-0927e7bbc5b0,66537109-abde-46b3-a86d-54158579fc92,2023-11-02
0,0,0,0,0,0,1,0,0,2036,94dc06f0-ea12-49ad-bd71-cc73302c22e5,135af211-e442-4156-b15f-1d7a5b0b6a57,2023-11-02
0,0,0,0,0,0,0,0,0,17260,68ec2d58-cf63-4bc2-88d3-8ecb3eed9ee8,f99d32b6-a9d9-46ce-8df1-44de7e8a9f4c,2023-11-02
0,0,1,1,305,21,0,1,1,1841,604fcaba-ae80-4218-95a0-679ed22a1816,3d9392b9-5071-494d-9f70-fbb9ca331d10,2023-11-02
1,0,1,1,379,8,0,2,2,1255,02f25890-bd74-48f8-900f-b4df0831587a,dd257e9e-db12-4f12-8184-ff250535aba0,2023-11-02
0,0,1,1,0,5,0,2,2,13,fa3a9487-7b72-4268-aef2-9f87f7b2c927,085a89ac-8636-45e7-b6d9-7fcfa33ec58f,2023-11-02
0,0,0,0,0,0,0,0,0,2738,72c338aa-6e55-495f-9855-1df17672c49e,463d4f26-cc71-499c-8441-f8376005ee04,2023-11-02
0,0,0,0,0,0,0,0,0,487,5c00f50a-e79d-45d4-87db-f5c39d96c921,e4685a32-935c-4d0e-8140-fae79c3fa19e,2023-11-02
0,0,1,0,0,1,0,0,0,156,59a663b4-0d0f-4f2c-9a75-1f2a241b1e11,1f48e568-dcc2-47ab-a548-8738928896e8,2023-11-02
0,0,1,1,237,6,0,2,2,2715,74953b4d-410f-40a8-8462-fe6de33b5528,6c5b112c-067f-4668-ac1d-bbf0e030b0cc,2023-11-02
,,,,,,,,,,75b4ed29-8692-4eb1-9d0a-d961d7161d60,0575a5fe-147f-4a35-9cbd-154d3d2d6300,2023-11-02
0,0,0,1,0,0,0,0,0,12840,d6d55b37-01f7-46d9-9d58-2a345c06cdd3,3f88520c-b1ac-440d-9c8c-173123f5a1d2,2023-11-02
0,0,1,0,76,2,0,2,2,866,1e549f42-d91a-4aed-b1ff-549e72e4f0aa,d2631e78-3599-4e27-b105-dc74306d694b,2023-11-02
0,0,1,0,5065,12,0,1,1,75,8ac4809e-384d-4de0-a0ac-8e00aecbff63,f39277a8-c9b2-4643-803d-79b939f8dedc,2023-11-02
0,0,1,0,379,2,0,0,0,7338,cfdce1a7-4f6f-4754-bb88-78d7bb5197f4,c98228c1-cafb-4f89-98e0-05e23c1a18fa,2023-11-02
,,,,,,,,,,d6183021-895a-4ac2-ad8e-90593809abec,e73aae94-631a-404a-955c-7d670419880b,2023-11-02
0,0,1,1,1069,9,0,1,1,3107,af2aa88e-3953-466a-8681-42c8abc2d0f3,2476d2c3-1759-433f-81b9-9bd30b4ef0a5,2023-11-02
0,0,1,1,85,5,7,4,4,978,a188991c-bf7c-4636-97dc-558a06612f69,5d7086fe-5864-4f05-a0e8-3786ac298c9a,2023-11-02
0,0,0,1,0,0,0,0,0,586,950dc0a6-dac4-495e-a2cf-2eed8316b19c,fbfa1d34-4af7-4ba8-bbdc-a992d5fbfa03,2023-11-02
1,0,1,1,0,1,0,1,1,41,7a59f3b8-3abc-43d5-a2ed-8ddcc9aad642,42d827f6-cfa8-4160-888a-e512b9c85c07,2023-11-02
0,0,1,1,577,12,0,1,1,918,66319893-71e6-46d7-8b7a-4e46c1c739e5,9745774d-e78d-408f-9a77-5b7bc8eb9413,2023-11-02
0,0,1,0,87,1,0,1,1,452,93768149-fa01-4ced-bf71-ce418bb9fb1c,1c4d0f5f-cf5b-4675-8e14-84b9288db18b,2023-11-02
,,,,,,,,,,69c70cab-b49a-4d2a-a9ad-543b3f26c5af,464e307f-1cd9-4be7-8742-a4c880decc93,2023-11-02
0,0,0,0,0,0,0,0,0,172,2af58ec7-50de-43d0-8462-651f2c1b8c05,23d5d324-3ea4-48f9-9a2f-e654299ff5c7,2023-11-02
0,0,1,0,71,2,0,3,3,603,ee7c67c1-459b-48bc-bf32-342c990262d9,c3f75e27-0543-49a1-9eab-bc17ef04cb02,2023-11-02
0,0,1,1,292,9,0,1,1,827,fd4fbd82-aab7-4949-81bc-d85d627fd40d,9851a886-5249-4a4e-95a0-4eebff00b841,2023-11-02
0,0,0,1,0,0,1,2,2,3433,c20351f5-e8ca-4dce-9f43-c998dc522721,ca7615d0-45ba-4a29-b4a9-7df7ceb58753,2023-11-02
,,,,,,,,,,c0a15baa-0d8c-4687-b85e-7e872ce9ac59,08330662-b906-485d-b198-0ece2dfe52a1,2023-11-02
0,0,1,0,567,2,0,6,6,42673,8539ceab-a602-4728-9144-0536e4f5d633,7e78c606-db70-490a-aa29-10e44fcf0f21,2023-11-02
0,0,1,1,77,4,0,2,2,253,99488526-83f4-442a-b39e-b1f326b97653,4113a921-286a-47ce-a8ca-993440726fde,2023-11-02
0,0,1,0,0,1,0,0,0,449,c6a34ce6-a024-492f-b90b-c10c0f5c6e08,feb5c915-9e68-4524-844d-a385fa75cb1c,2023-11-02
0,0,1,0,0,0,0,1,1,610,413373fa-67df-4d3e-a50c-cd20f7f03d44,9e7c9f49-16d1-4644-bc5f-061670041037,2023-11-02
0,0,0,0,0,0,0,0,0,1565,f0eec554-d363-4b5b-8994-bfeb9d479817,a0535f8b-bb84-4441-9d96-9ddece96c48e,2023-11-02
0,0,1,1,27,2,0,0,0,10043,66b176f9-e601-487a-93b8-2c15b1bfe42f,5a387c37-c8c2-4a9a-bd19-e9eb2041268b,2023-11-02
0,0,1,1,1205,3,0,0,0,60,73416735-6722-4536-9dc6-5b89c7b68f11,066a0c0b-9bc6-4ecd-ace6-3f2957ec0672,2023-11-02
0,0,1,0,206,2,0,1,1,201,9a502caa-3558-4a2d-9513-f92fcd7b3459,a5005638-e39d-4203-95b2-178aecf83395,2023-11-03
0,0,1,1,0,1,1,1,1,841,a4243f13-0d6d-43ff-be0a-813becc38be6,1748f2f5-546c-4979-bdf0-4c6caa5b21fc,2023-11-03
0,0,1,1,3186,13,1,1,1,68675,c2f11bb5-820c-49c3-85cf-e0b15ffd1643,f2ab49eb-b4f6-4cfb-95a3-9bbd071bc654,2023-11-03
0,0,1,1,0,1,0,1,1,5890,eb8c5e0f-0fd1-4621-8453-6b46c2a678f7,eb74e458-5688-42f6-81d8-66bd89648063,2023-11-03
2,0,1,0,0,0,1,1,1,12,1476d39c-80b0-415d-8dd5-e61ecfbce305,6ad8667b-e400-47ed-9ff4-ee7901cdefb1,2023-11-03
0,0,0,0,0,0,0,0,0,1157,6c61a925-28d7-4ea1-b8bb-e57b203e6121,2f99a00d-bb21-49e2-ae3e-1d32ecbf7e66,2023-11-03
0,0,0,0,0,0,1,1,1,530,d2744305-339b-4110-80cd-2afdb5892160,e053ace2-249b-406d-a9ad-d088136d3b65,2023-11-03
0,0,1,1,244,3,3,1,1,771,8cfbcc0f-7f02-4873-9faf-987fd976e79a,948c8f4b-a5fa-4874-81c8-dbba861af7ed,2023-11-03
0,0,1,0,53,2,0,0,0,536,037d71aa-14a5-464c-8012-80fed7470a66,608f7278-91ec-4e2e-959d-b9504b7ac8b2,2023-11-03
0,0,1,0,192,4,0,2,2,366,f60708b5-c09b-40f6-9f98-b8ae61156b70,50386a72-97f6-4351-8d8d-613a84654208,2023-11-03
0,0,1,1,196,5,0,1,1,485,9822911c-decf-4b48-ba07-fc921bbb4e86,fe216d45-2eeb-4244-87d0-6c197be25b0d,2023-11-03
0,0,1,0,100,3,0,2,2,1034,c00ac084-7d28-4795-84db-4144c3037e89,7b9aaac4-766a-414f-8688-64bc19b421cd,2023-11-03
0,0,1,0,0,0,0,9,9,11,7e675f81-a987-4c83-82a8-e0b8560e49e0,e4577a46-ce70-46e5-b002-ce2c9ec3c88b,2023-11-03
0,0,1,0,352,7,0,1,1,95,ec494750-f7a8-4443-9d97-bd39b37f7902,2ce413c2-ab8b-456f-aac6-5e68d2027f1d,2023-11-03
0,0,1,1,549,5,0,1,1,1387,373e7764-3a13-4f68-b846-e8521e7a56aa,117abd45-726f-4f2a-ade7-3abcd9528e4f,2023-11-03
0,0,0,1,0,0,0,0,0,2986,47e17184-f966-4018-bd80-26f6d0d93660,a9c856fb-e9d1-447e-bd6c-7dcd25435727,2023-11-03
2,0,1,1,38,0,0,5,5,56,2e2a4087-08c8-41b2-bdfc-2313340f636f,18f5da01-941c-4476-80f1-24f92b0045b5,2023-11-03
0,0,1,1,555,4,1,1,1,2976,fbf17a72-090a-4f6f-9779-c560197cb105,b6dcdb64-8afd-4b90-879d-d3a094dd9081,2023-11-03
0,0,1,0,0,0,2,0,0,6396,508db9b5-a99d-4dff-be3f-43e4f9515d49,924783d4-d076-4bb5-aeff-c870985ff8b2,2023-11-03
0,0,1,1,1098,5,0,2,2,387,cb3aab93-565b-4c62-ab14-48dc3ecaedf8,9d613f29-e7cb-4f39-a789-389a86a760ec,2023-11-03
0,0,1,1,439,32,0,1,1,389,92105141-cf0d-4e72-b32a-e9310b69c23a,3084ba51-c075-43af-8aa8-00b85e33522d,2023-11-03
0,0,1,1,1889,50,6,2,2,2855,30f936e3-7487-4d2f-ba9c-fc3ea1de142d,42229a53-2738-42d2-aa5e-6977cc329113,2023-11-03
0,0,0,1,0,0,3,2,2,1912,9f3c46da-89e9-4670-879a-cc8ca6943ce2,2e14fcf8-3c32-4e4c-ac08-7c504212e3e7,2023-11-03
0,0,1,0,22,1,1,1,1,247,65f2e6b0-1c1f-4954-a30b-18ec2f0ef60f,67b66cce-db75-49d5-9b65-be3680aa5251,2023-11-03
1,0,1,0,65,3,0,2,2,231,06c2e7c9-5ccf-41b1-893d-380e1f6b0af3,37e23ee5-3f3f-4f7f-b5da-43488b5235f4,2023-11-03
1,0,0,1,0,0,0,4,4,90,767e7587-71b5-43b1-9493-d72c436b8f91,be485d43-e7de-4921-a2d6-b222a0f57e37,2023-11-03
0,0,0,0,0,0,0,1,1,160,f2d61c6e-3665-4a93-a606-ef399f09ca5a,474a6552-873d-484a-800d-0e20a99caa5b,2023-11-03
0,0,1,0,12958,3,0,0,0,5552,687b145f-dac4-4beb-aa04-e878d8592ab6,3c9f49f3-c62a-4178-8a9b-94e989c0b35e,2023-11-03
0,0,1,1,653,24,0,1,1,1349,953c7dc5-ce0e-4e63-a4c3-d8d95a9de76c,b44ef03d-99fe-4e30-a35f-6e4995b4b7a7,2023-11-03
0,0,1,1,2710,23,0,1,1,68180,932d1b91-03f8-420b-8375-df0e3857eaeb,392de982-ad34-4619-8415-f0ca1ab911e5,2023-11-03
0,0,1,1,624,15,1,0,0,10503,f4cd6d1d-98bc-4d81-8341-424aa87b4276,f4cedbec-0b69-4cf0-81c0-63d9f87f4caf,2023-11-03
1,0,1,1,265,13,0,2,2,122,b8342be5-35b9-4c23-a9e0-db31e39110e9,94823411-e596-4133-98d8-42358af065b1,2023-11-03
0,0,1,1,90,2,0,2,2,57,0732cf2b-04b0-4b71-83a8-c90415217a2f,88b13f83-08c1-4daf-b211-916dca96b515,2023-11-03
0,0,1,1,0,1,0,146,146,9925,ebe2da7d-d450-41f7-b61a-08fd907a03ed,89b5366f-1caf-4a03-896f-bcfbf26c4cb5,2023-11-03
0,0,1,1,70,1,3,1,1,804,f966f72d-3b2f-4750-bfa8-2f6f69b742dd,a667cd9c-f364-47d7-b91c-254339a0399e,2023-11-03
0,0,1,1,426,12,2,1,1,547,57ba272b-e6db-48db-adb7-aa7a3e6c3478,77e5ad1c-dd91-423d-818f-4f610441592d,2023-11-03
0,0,1,1,669,10,0,1,1,366,9acbf32d-3a4e-4473-b784-1f16e6537ac6,e27974ff-b2dd-4ad2-afb4-e359173b7297,2023-11-04
1,0,1,1,1735,2,0,1,1,48,a0d5b462-1725-4c6e-b739-635784e87fe4,fa1c192f-9998-4e0b-8feb-17413a90fa7d,2023-11-04
0,0,1,1,493,6,0,1,1,181,219f00aa-d494-471e-84bc-25aa59d54555,fd3744f6-035d-4a6b-a0b7-ce5eba8ebe9c,2023-11-04
0,0,1,1,271,6,1,1,1,977,4c840080-6352-486b-bb3e-74f02d5c6222,d71bf53f-2054-48a5-86ee-83702c6d6bba,2023-11-04
0,0,1,0,240,3,0,1,1,384,f40e9431-9964-49cc-8a4a-3b97d9432c77,9488332e-f863-431e-bc61-12cd95ac47aa,2023-11-04
1,0,1,1,86,1,2,2,2,52,1ef2875a-f53e-472a-b7d1-1c70eb0b3bb6,7e6fb1a9-3671-40ad-a01d-3b9d45020e4d,2023-11-04
0,0,1,1,402,51,1,1,1,1411,c5a86889-4cb7-48be-ba09-72bcede38dcb,40bc0bef-fd0c-4f34-ab47-08878ec9db72,2023-11-04
1,1,1,1,0,0,0,15385,15385,184,da8fdd7f-2639-4ea5-a2dd-4895c70acebb,8767784d-60b0-4303-be21-a500af5ae6c8,2023-11-04
0,0,1,1,1142,8,0,1,1,8114,56afaf61-b511-4698-86cd-0c63a435b45f,5d7004d2-a2dc-4cdd-9994-327abd64e15f,2023-11-04
0,0,1,1,289,15,1,1,1,6387,3fcde7b9-3b2c-4669-9065-3bdc1738b609,692a7360-9f4f-46ab-ba40-a7ce5a490b61,2023-11-04
0,0,1,1,579,39,0,1,1,3317,57f8e303-99b3-4316-aa55-45e7230aa526,d9533d3c-8107-41f2-99f3-e9ef95b87935,2023-11-04
,,,,,,,,,,ec644ccb-9be1-44a8-bcd1-4071217a25d4,fa595569-c6cf-4553-a8cb-79059df7e63d,2023-11-04
0,0,1,1,76,1,0,6,6,5132,d594f722-98e2-40bc-9149-e85dc1c73b89,beb7199c-fede-4751-9b26-be40f1d5b5aa,2023-11-04
0,0,0,1,0,0,0,0,0,19091,c58591f2-5b59-460e-900b-d5e956bd3b56,8af36656-c519-4788-86dc-6d458bce7a23,2023-11-04
0,0,1,0,100,4,0,1,1,119,c0671fec-fcee-40e5-aa41-b4727e82c312,4384a372-aeb4-4223-b625-fd74cb1ede7f,2023-11-04
0,0,1,1,71,4,0,2,2,439,eb488b29-b0bb-4a5b-acb5-c70ee6424e22,db196c3e-5966-41e8-bc1b-7036c2e372f3,2023-11-04
0,0,1,0,0,1,0,0,0,859,0dbced7b-d4e5-4749-9ad4-cfd6a13ded0e,11e6afd0-8708-40a7-b0c9-af428a9c4881,2023-11-04
1,0,0,1,0,0,0,2,2,42,09dffb2e-ae7d-4f7e-af6a-623aa57ef7b9,d6b30fb7-c5f6-4a4f-ad57-f6b5a07a2e13,2023-11-04
0,0,1,1,891,13,0,2,2,1254,27df17f3-f3e0-43cf-b446-ee9341326865,98d1056e-fb28-4e03-8de8-aec46e4ca29c,2023-11-04
0,0,0,1,0,0,2,3,3,749,b6ee8dcf-ae94-4c2f-ada8-9264b6851cef,21c82cd2-0d87-4c74-8c2a-7997a747e263,2023-11-04
0,0,1,0,40,1,2,1,1,109,3899a124-3807-45df-b5a0-730699a1a604,0a96895c-94ac-49bb-a131-ce1e031a6c1e,2023-11-04
0,0,1,0,0,1,0,1,1,363,9b9c99b6-331e-4483-86ba-51322c65ed55,6d024cb5-9909-4196-9f25-894cb6cbfb02,2023-11-04
0,0,1,0,0,1,0,1,1,159,2dd2736b-5e00-4925-80fb-297a379f9b54,67260ac7-2317-4c1e-8d62-b33f9525caa4,2023-11-04
1,0,1,1,366,14,0,1,1,245,0673dcd5-da7c-4bfa-82aa-25b094c27e1b,a8fa9272-73a9-451e-b89c-20ad6d32e297,2023-11-05
0,0,1,1,0,2,0,1,1,7289,31a1a667-8424-4c76-b1e5-baf0ca724655,226e8c13-799f-49ca-910e-a78c4cec9ea2,2023-11-05
1,0,1,1,1109,7,1,0,0,1491,9450059d-434e-4c26-a407-ec27443dd8fa,fcf26027-69be-4638-8aec-00ffde2f23d0,2023-11-05
0,0,1,1,1621,3,0,1,1,7726,64fb80bb-146b-4a3f-923e-49fbda6c8f0c,3aea6fae-8096-41c7-8738-089f503d1ff0,2023-11-05
0,0,1,1,505,5,0,1,1,692,9142b58c-1ff1-4a1f-b243-6ac1e9a6f747,b0c0a3bb-cb88-46b8-bf2d-abf39bffcd53,2023-11-05
0,1,1,1,121,6,1,1,1,778,9a91cc1c-4f2b-4afa-ab6f-7f722fce8853,66be9967-3c60-4905-a68f-8890757e481e,2023-11-05
0,0,1,1,688,24,0,1,1,407,20595c57-aaca-4c36-9021-0275fc0b6d4a,5b3e17b3-66a7-43dc-8154-73759089bccc,2023-11-05
0,0,1,1,928,18,0,1,1,3639,49dd0af7-fe26-4799-bd84-be26772c2c35,240e7f3e-4c5f-4d8c-b909-fc0ab8d82c9d,2023-11-05
1,0,1,1,57,2,0,1,1,217,3b57a2cf-d2eb-4fb5-b596-da101f7a676d,e5b4c1e6-3a51-4c0c-8e8d-1d82ab951d9a,2023-11-05
0,0,1,1,81,7,0,2,2,124,75fa6a0a-46b9-4e4f-abf1-34d0d87ee71c,79afee6a-2642-43b3-b12d-489310af0391,2023-11-05
3,0,1,1,2726,3,3,1,1,129,a8804d4b-0709-42bc-9d7b-9f1dc7f71b04,5a2a255c-08c2-4c8c-a7a1-b7efce96d83f,2023-11-05
0,0,1,1,0,0,0,4,4,488,9d53ce91-005b-4cba-b58d-5a031b80708f,08f7f30b-460e-4341-a445-13cc1a5575e2,2023-11-05
0,0,1,0,455,4,0,1,1,287,597a482a-493d-4f3b-908b-b30f92d07efb,f702fcb0-e051-47fa-b1c4-896f77bf2573,2023-11-05
10,0,1,1,634,12,0,1,1,16,a164be04-6c3a-4b34-b102-72007b877985,1dfc66cf-f77b-409a-88b7-18ce1d281045,2023-11-05
4,0,1,1,199,14,0,2,2,275,94a2c0ea-05fb-445b-bea2-da7bd94891e7,c5cd8ca9-7e6e-4391-b7b7-f320c0a5ec9a,2023-11-05
1,0,1,1,826,13,1,2,2,2833,18ff7a4a-726f-4e1e-a562-5c58fe0d069f,a6d15e67-f165-4b0c-a9d2-4690625b9d35,2023-11-06
1,0,1,1,3617,18,0,1,1,1124,efdac1af-1bd7-4290-add1-a30074341824,1ec8fae0-44da-4ee4-82c0-3feee7e5d5e3,2023-11-06
1,0,1,1,1324,9,0,1,1,438,874af514-bdf1-4065-8b6a-eaac269938a4,82178b11-53e3-4f2b-b24d-ef8853e467df,2023-11-06
0,0,1,0,708,2,0,0,0,1925,dfe5ac67-2124-4935-8c6e-79eb245185ed,430dac73-c8eb-4c92-ba07-43356178cfc5,2023-11-06
3,0,1,1,0,1,1,3,3,735,1fd737cf-dbf0-4f33-8aee-856cd5cbc161,eaccaa7e-4a3d-402a-a644-ff3cec938a92,2023-11-06
6,0,1,1,3530,4,0,1,1,221,c6ba328f-eeb3-4dad-8611-67b2e73bf709,15375e7a-6d2b-4a0d-b66b-1076cd284e67,2023-11-06
0,0,1,1,408,2,0,2,2,20,1c9c5d78-84fd-426c-b6b0-d3415c42233c,d9236a93-b1fa-45a8-88f8-eef4e20e7175,2023-11-06
0,0,1,1,219,1,0,3,3,11129,8c5e98f3-4788-478b-a4d0-bdf38172b7e0,05cf8b21-c886-4c1e-a66b-1350e3e61302,2023-11-06
0,0,1,1,194,2,0,1,1,12,e54fc1d5-3488-42b0-8e2f-bd89ac60222f,ad0c676b-ad80-4ff7-aa45-a9deb7cc2e5c,2023-11-06
0,0,1,1,6155,5,0,2,2,1947,d5e814b4-9a50-4cff-b803-e8245859306f,b992654b-c693-44d0-a121-6dc8e7477ed6,2023-11-06
0,0,1,0,2446,14,0,1,1,1015,5a91c10e-de00-465c-9a87-2a3e4ea15f1e,add8dcf5-79be-40ae-b12d-d3ff1629d3d8,2023-11-06
0,0,1,1,955,14,0,1,1,902,d4db4ce6-e14b-4d0d-89a8-4bd12a070e67,091404fc-9162-44d1-b229-0f0ebe2d6f6b,2023-11-06
0,0,1,1,271,11,0,2,2,180,dd67a900-56ce-4189-8507-c86cf6891a80,0c4ddcd9-41b1-4f9a-b82b-cfb923ddb184,2023-11-06
0,0,0,1,0,0,0,11,11,538,161eca46-f02e-47f9-987a-47b105d2b9d5,0dd0984e-8fdc-4b8e-8c15-e416ab9b3690,2023-11-06
0,0,1,1,937,7,0,0,0,3466,25faf928-8254-4019-9922-cc6554a1075e,1dac9fbc-91ad-4096-800b-4ec9580855b8,2023-11-06
0,0,1,1,98,26,0,3,3,938,cf2954f0-d159-45bb-a630-e3e1cc27c3f9,b146edd6-b480-45a0-9563-fb0a4527ca87,2023-11-06
0,0,1,1,1672,63,0,1,1,2336,62ecd0dd-bd7f-4418-abb1-90fcfb6aaeea,7713c08a-5f20-404b-9eaa-cf7e0345e0f0,2023-11-06
0,0,1,1,0,0,0,10463,10463,355,8a393b78-9807-40cd-aa94-07071b57db3c,748a6df7-d05d-46df-9d79-69620324c775,2023-11-06
0,0,1,1,1431,6,0,2,2,897,b10efe9d-958f-4ee1-a403-d712de680a25,9dd34416-efc5-4b4e-8c27-6089f21c725d,2023-11-06
7,0,1,1,147,8,0,1,1,228,f7d4019c-2d6b-4386-8987-efea42b74962,3a2bff1a-f868-4e8c-9b39-016d012a3fdc,2023-11-06
0,0,1,1,1828,9,8,11,11,110026,6726e104-9e8d-4eca-8a50-850ec33d070d,b119c25e-b7fe-42aa-917e-b233a68992ba,2023-11-06
1,1,1,1,991,7,0,1,1,37,c3b1d972-33d4-4910-b7b1-fc60969384b5,85b4d7e3-5ba4-4368-b759-4d41fe116ebd,2023-11-06
0,0,1,0,0,0,3,1,1,1330,8abb1367-f46c-4480-94ce-b8c36407facf,23835159-201d-422e-8796-991f4f9728eb,2023-11-06
7,0,1,1,1177,14,0,1,1,173,a7d137b4-ae24-4c85-8a83-8580d287c9c6,5bb00cf3-4021-4fc9-8f97-4ce8a61fc322,2023-11-07
0,0,1,1,496,1,0,1,1,70,e382c89d-faf4-4f63-8350-7aa8b3b999f9,9c4e0b20-b25f-475b-8dc6-0d75f54149ca,2023-11-07
0,0,1,1,139,3,0,2,2,224,19b705b4-fc2b-48ba-b8c0-8e75340cb291,79f04a62-1c4e-405b-ac09-42f346aecc12,2023-11-07
0,0,0,1,0,0,0,1,1,7230,c63bcbbd-233e-4e41-9efb-08f06cec29fa,0c78df2d-6bd4-45d7-a0d7-e9143186e313,2023-11-07
0,0,1,0,601,9,0,1,1,42,b4521c76-4844-420f-9baf-61abac7bcf7c,3c74f969-9815-4928-8b85-f389ce1b78fd,2023-11-07
0,0,1,0,243,26,0,1,1,1075,a217c62d-fd30-4a70-b7f1-c16e7e896059,a1b8a698-957f-4b2e-8b60-c99fa00c7c89,2023-11-07
2,0,1,1,351,11,1,1,1,129,757b975e-536d-4bde-814a-6620938a8729,06bae5e7-ee90-4797-aef6-d8baf9fc2c3e,2023-11-07
0,0,1,1,145,7,0,1,1,113,f77b7aff-e3f1-4ff1-9fad-39017ae6e8d8,a40f12d0-a95f-4585-a0ad-c63d05893d58,2023-11-07
2,0,1,1,686,7,0,1,1,413,14924a3a-3fa5-469b-a95d-922af391148d,052bf01e-0f30-4a6d-a239-8b19f4a435e0,2023-11-07
1,0,1,1,1259,23,38,1,1,2850,dc1b820c-f89c-4ad1-b797-f8f9b242c922,33605bd4-2017-4ff1-8193-2450445f8bad,2023-11-07
0,0,1,1,191,12,0,1,1,841,8e6e548c-ce18-4761-92fa-77451fc0e018,c139c3dd-1929-4035-9a6b-74d764e3ea51,2023-11-07
0,0,1,1,250,5,11,2,2,615,d2eaef42-7136-494e-917d-ac243095bf33,018b2b70-af2d-4f75-be6b-851f1f9d3a1c,2023-11-07
1,0,1,1,962,11,0,1,1,524,9df37c48-27e6-4748-a2b8-a15c35770f46,8d8a39ad-94fa-4122-ae9a-6b71ef55181b,2023-11-07
0,1,1,1,650,28,0,1,1,862,68ccf7ed-c302-4c45-91b4-637eb074c5db,098214b0-0358-4f7b-8513-3b6e796c7c76,2023-11-07
1,0,1,1,1482,4,0,2,2,2727,d925f828-9bda-4416-b798-b4ce469d27a7,a1fa2fc0-6697-4d4e-98e6-9d5013dadd61,2023-11-07
0,2,1,1,858,2,0,2,2,190,d5ce6de8-c0ae-4c3a-8d32-88ee23677342,09d6adb6-e3a4-4865-a0d6-cb72c7563f6c,2023-11-07
0,0,1,1,125,4,0,5,5,5880,2fbfc9a3-04b5-4c91-84ea-f3c40e9ffb78,a3be46e2-0138-49d6-8bc1-590f578846bb,2023-11-07
0,0,0,0,0,0,0,0,0,17,b96b2fb9-919b-4e46-8a1e-657021f5322c,627c1698-b179-4fc6-9af9-428321f2d87a,2023-11-07
0,0,1,1,4045,5,0,3,3,16378,0fa750af-06e6-43d8-b2a5-c768673688c8,3eb51ea7-d567-4ebe-9d75-34c9fdd74769,2023-11-07
0,0,1,0,0,0,0,137,137,138,15a53ff6-a5b0-4977-a730-bd0bc6a1ee3b,10bc8fde-f96c-4ca3-8d64-79eb3fe2ea26,2023-11-07
0,0,1,1,269,38,1,1,1,391,3240e5e9-7b0e-4ac3-8077-38c5788070ec,a12761c4-7eff-4aef-ba80-4bb26e953383,2023-11-07
1,0,1,1,1138,3,0,1,1,530,1290cde7-eb88-4f56-85f5-43644a4628b3,6e0eee06-a3de-4cf9-bf91-589addaaf2c5,2023-11-07
0,0,1,1,99,9,3,1,1,510,9ed9086d-437f-46d7-a3c6-e88937e22006,bd03f125-54f8-4411-8336-cf7902baccaa,2023-11-07
0,0,1,1,3334,3,3,0,0,3262,5e6c02b5-dbf8-474b-a85a-fc29e62e1626,cd14478c-d883-4dd8-a0cc-ae8142913ffa,2023-11-07
0,0,1,0,2686,12,0,1,1,2537,f2a267ce-3875-4000-b0da-12ec03edacb5,145cfe8b-535f-4486-9276-1139a2512d4b,2023-11-07
1,0,1,1,168,90,18,1,1,835,b30cc322-72af-4a6e-9c6a-7701e10e5338,e2936ddb-8b82-427f-9b15-73555ea2918b,2023-11-07
2,0,1,1,981,20,0,1,1,3624,f096b34c-5d43-4663-a36d-e008ef994d94,33a4b1dc-d6cc-4a73-a731-a5f771f8adfc,2023-11-07
0,0,1,0,0,1,1,1,1,4203,b23426f8-f5e3-47e5-835e-87a2e70094f2,5ca52138-f3ea-45f2-82b0-c7f278776db1,2023-11-07
0,0,1,1,942,22,0,1,1,2387,c6602562-e9a2-4191-87b7-02ff57673917,2cdf3249-fc57-45bb-b5ee-f72801869fca,2023-11-07
0,1,1,1,1472,12,0,1,1,167,ec99f322-dce9-4445-8358-3ccf36e3d938,6ba88a1c-a245-474f-a1ee-876ffe7b41e5,2023-11-07
1,1,1,1,1035,5,0,1,1,608,31bcc157-a37e-4e80-8b01-f76ba4eb902e,db808a1a-bfcb-4aab-8fb7-236e83f22548,2023-11-07
1,0,1,1,1840,11,0,1,1,382,c5c6f5fb-3be3-461b-9352-2e8f23f51e7b,63068933-46bb-475f-882e-f02e7cace7a0,2023-11-07
5,0,1,1,7896,28,36,1,1,2529,76c649e3-b236-496a-bad2-9ddbdff455dd,26bb1e7a-b157-4841-8736-ce06a6cc2b41,2023-11-07
0,0,1,1,629,14,0,1,1,1073,c5a9928d-4f99-4fef-978a-ee0155d0ec8b,a695b32b-ee68-406e-a4ae-b39512cbcfd8,2023-11-07
0,0,1,1,89,7,1,2,2,1349,ee3869b0-a0a9-42be-ac68-48be7753a685,5c22b388-d4e3-47ec-9829-fd10c3ffe158,2023-11-07
0,0,1,1,528,12,16,1,1,1375,34a178a5-f67c-401f-b371-d2538439242a,7b5c9566-63cd-41d7-9657-20770bb535bb,2023-11-07
0,1,1,1,820,22,0,1,1,620,57bc612e-3e0b-4ea3-920b-b326b82728ac,86ad398a-ac4f-4d3b-8383-3521c7bfb054,2023-11-07
0,0,1,1,564,13,0,2,2,301,ecf8cd9e-cfab-4379-8c19-41137a8dee3b,c9303261-9450-4bc4-9368-b0db3b4e82d1,2023-11-07
0,0,1,0,359,2,0,3,3,1165,ad3bd296-5453-40e9-8fd9-fc6153035bf2,ed7a5837-d438-46f6-9dc8-294208467cd7,2023-11-07
0,0,1,1,27397,22,0,1,1,20811,8c0bb4e6-9aaf-4388-9099-7cb3b26d3c41,2eb20ac4-74ee-49dd-a2ee-edc821628eb5,2023-11-08
2,0,1,1,2433,21,0,1,1,693,bb1feaef-f4ff-4269-bea0-a0f063267304,7d094b47-48c3-4747-908a-2e68b7974a11,2023-11-08
1,0,1,0,1193,7,0,2,2,246,4a53fba0-e0fc-41d0-af03-d08bbc81c028,9f524374-a4a9-45f4-8f25-dc7c63f4c3bd,2023-11-08
2,1,1,1,244,128,3,1,1,18,7e246436-29f0-405d-a0a6-ebe8e624a1fd,57040686-bf54-4eff-bdd4-3374295393dd,2023-11-08
2,0,1,1,478,11,0,3,3,328,32bfdb60-18e7-4b37-a4f9-e162a074aca2,b7b8dc17-e97c-432d-89e6-88a1445b585c,2023-11-08
0,0,1,1,375,13,3,1,1,557,d3a6e495-64e6-4928-8332-b5c21ac2aedf,ecca7706-518c-4b49-b50a-713c63c909f7,2023-11-08
2,0,1,1,606,2,0,1,1,44,7a199c5c-31dc-403e-a37d-c40bd2a78d23,2106cbc9-a1a7-4f0d-ab75-46bfab614a4f,2023-11-08
0,0,1,1,1259,9,0,1,1,1093,f905238e-b891-4c01-a392-22f8ec5f56d2,cb76e837-7496-4bd9-b2d4-54269e4b6c84,2023-11-08
9,2,1,1,1634,14,0,1,1,11,207ca1b3-bc3a-420b-b39c-70e28b1b706b,8026d9f7-99dc-43ee-8a34-92c007276902,2023-11-08
0,0,1,1,796,15,0,1,1,4651,cc87eae5-c81a-4f7f-8dad-04158c19fb20,33081aa5-32b8-46fd-af40-7f138d293f65,2023-11-08
1,0,1,0,329,4,0,1,1,55,c9ff388f-7f5e-4ddb-a686-d0cc7380e98e,dea3bd3b-861c-40f7-8ecb-392075b86e61,2023-11-08
0,0,1,0,273,5,0,2,2,493,812980f0-338b-4f0c-857c-e04860d7aabe,465cd077-8eb1-4874-91da-fb3320859e13,2023-11-08
0,0,0,1,0,0,1,6,6,5,9a9f9689-fb2d-41ef-89e5-9a4cab38710f,4e09ecf3-90d8-48c0-b6db-88299f72456d,2023-11-08
0,0,1,1,1604,7,0,1,1,2033,b8060f68-80e7-424c-9e4a-461e445576df,c725129f-03bd-40c9-af42-f88248b71c3d,2023-11-08
1,0,1,1,1146,3,1,5,5,520,d97c6111-8f92-4406-9157-26d43a3636d1,d856677b-57d1-410a-ac77-f24d6192d8c4,2023-11-08
3,0,1,1,117,29,10,1,1,374,a8041fdb-cd20-4046-89f8-cc8bb594c1b1,f5b30eaf-bbd6-402b-9518-5f7439951269,2023-11-08
0,0,1,1,917,45,0,1,1,2217,94d3bf7c-9277-424e-8625-65a13f650434,036e6034-da7d-4292-b46c-7fdb3ae38c4c,2023-11-08
0,0,1,1,55,4,0,0,0,2389,c3abc8e2-1a72-4343-b2a3-b21335f73515,b5751266-01d2-4e19-ba70-eab74dfce80c,2023-11-08
3,0,1,1,150,2,1,1,1,4,496be5ca-0782-4579-86e1-f6c61a1eb445,ff1bcf59-8ee0-45d2-8022-27596206512f,2023-11-08
0,0,1,1,144,12,0,2,2,1039,c02d622f-0fbb-4acc-83b3-6d9beb80fe21,323e9356-6ea8-48aa-8cb6-3fb138e09742,2023-11-08
2,0,1,1,932,4,0,1,1,116,7812f5ac-b9c7-44db-9305-176dbc6cefb1,668ac83f-baca-4ca2-a6a0-76e37b6c4486,2023-11-08
4,0,1,1,933,4,0,1,1,1291,8b51c495-28ba-4841-a59e-efa632e1541c,ed3b5b41-25fe-4486-8c58-21f21fd6efe5,2023-11-08
3,0,1,1,654,32,1,1,1,1223,ab668587-5986-47b1-b036-79eda32b8f9b,3a9fc9e9-04ce-48b8-8778-0b6177b3935c,2023-11-08
0,0,1,1,721,7,0,1,1,1363,391562f4-e35c-4fc1-8f9c-01181d76c706,105be5c7-b3e0-4164-ae17-51a64d694831,2023-11-08
0,0,0,0,0,0,0,1,1,23,60619975-c63b-4663-b8c3-ccae39d5a615,8bf9d188-92a2-4be1-8129-4bca1f401718,2023-11-08
0,0,1,1,4372,15,1,1,1,4931,7081ea27-87a2-4d81-88ad-bc6007b8ae2a,f08688e2-bc6a-4bfd-9f15-bc657ed8a3fd,2023-11-08
0,0,1,1,2012,4,0,2,2,1462,4b723d0c-0776-47fd-a8c8-e7745e206857,ae030de3-aab3-49a1-8aff-7851ce454b9f,2023-11-08
0,0,1,1,799,26,0,1,1,1937,9fbfea23-babb-482f-bf80-a6e20984b689,b3493ae7-5cb5-4935-8e49-58611ca3c121,2023-11-08
0,0,1,1,219,32,0,1,1,297,76829354-efd9-4a25-ba6c-75731e63dcca,3e320dd0-0a83-475f-bbf4-1eb0166e167e,2023-11-08
1,0,1,1,97,2,10,1,1,604,f8530a0a-8722-464c-8cd1-cdcae7c1f06e,3afac6c3-1dcf-4000-82f9-a3ed5be5c5dd,2023-11-08
0,0,1,0,0,7,0,0,0,938,5704f8fb-1306-470d-ab24-5c8e9c187c6b,c3cec036-dbad-47a0-b590-2eed17f25e03,2023-11-08
0,0,1,1,912,9,0,5,5,8947,0c3a4ef7-6788-40b7-923a-a92834ad2f2e,ca775f2f-e05c-4593-a2c6-a834ad699e37,2023-11-08
0,0,1,1,275,9,0,1,1,150,bf5e6dc9-d61a-4697-9222-47085249b5bb,a644cc16-c4b9-4eeb-ae77-2467ee124a42,2023-11-08
0,0,1,1,332,7,2,1,1,474,cc53bc15-1c18-41c2-88cd-c91f0294fb52,31ea6e6c-901f-4c18-bd22-73c303cbd327,2023-11-08
2,0,1,1,183,52,0,1,1,245,582618f8-8e5e-46f1-b7a3-a4d4faea9f13,af4ff0da-bc22-4090-bef5-b504a897095c,2023-11-08
5,0,1,1,2782,14,0,1,1,37,62e53fd4-6f80-4a0b-bb72-ae8dc08c87a6,68d36a89-8ed1-4696-bb74-8ecd01526652,2023-11-08
0,0,0,1,0,0,1,2,2,1751,fbce557d-8c08-4345-9d9b-9066b6f4e76f,b0f18a83-99e0-4a15-a883-03a70ab51133,2023-11-08
0,0,1,1,0,2,0,1,1,198,daffa191-5188-407b-ad67-8cc36ebc6aeb,07b7e0b2-dbc9-44c2-bad1-57203766af40,2023-11-08
0,0,1,1,862,16,0,1,1,503,06914f6c-13d7-471d-96d2-3bcec300cfcf,a05b224c-d1fc-4161-b033-bd3ad055053c,2023-11-08
10,0,1,1,1753,13,2,1,1,828,e3a8db98-0245-4ede-965a-9722cb12b8b9,dc10e9ae-483f-4b89-ade0-53d09a3cc8db,2023-11-08
0,0,1,1,0,1,0,1,1,1013,707afefb-3e5d-4866-bfa5-754398df2bf6,8dce10ad-1411-4e4b-9f0f-9556af570bfc,2023-11-08
0,0,1,1,1128,153,1,1,1,47925,4935e276-c470-40a6-90ab-a8992f3a9554,7de78330-c48c-4de3-996c-5a73135934fc,2023-11-09
1,0,1,1,5488,4,1,2,2,3533,37e13c33-ce68-4857-852c-de11f6e7dcd4,7bfa2054-e9db-476a-970c-39aecf483fdb,2023-11-09
0,0,1,1,3373,4,1,1,1,661,339e97fc-213e-411a-ba4c-28d71ec7ea19,e20bccfe-e77c-4172-ac17-1c4722a3aa3d,2023-11-09
2,0,1,1,1663,7,0,1,1,1972,f6d03eac-b1f8-498c-9d5e-4b37346522f2,c408e79a-99b7-4ffa-912f-2947d9f12a7b,2023-11-09
4,0,1,1,1362,19,0,1,1,1097,06905065-bb12-4a13-b863-1af7b04dba94,c7f2c324-6d71-412b-a61e-fe94e05aa9dd,2023-11-09
1,0,1,1,1432,5,0,1,1,181,5ad78b52-6dc0-48f7-8a1c-75181f1da8af,22a48648-3456-4828-a327-f5fc1b87c1dd,2023-11-09
0,0,1,0,73,3,0,1,1,424,b6a4a060-afd2-4337-bada-462a3634ff7b,0cb6a9c5-649a-4e22-a59e-17f353a2e0c3,2023-11-09
1,1,1,1,146,1,0,5,5,64,0e496de2-c634-4132-b156-f96c51ccc260,032d441e-fb2b-41a1-9c53-828bee689150,2023-11-09
1,0,1,1,242,10,0,1,1,187,d0f7cde7-fcb7-44f5-a282-1c0f06f4609b,22fa47c6-9a9c-4376-9d7e-9fde5a179fd3,2023-11-09
0,0,1,1,132,63,0,2,2,1048,0d8a875b-3eb0-4089-8e01-0d6918d6ea55,402298fe-84ae-4f4f-8ebf-639df4e6d0a2,2023-11-09
0,0,1,1,391,12,0,1,1,204,add4263c-550f-4e1d-ba88-2f39ff9fbd3e,333086d3-e6a2-41b1-9078-38c928d8c34f,2023-11-09
0,0,1,1,293,3,0,2,2,402,b194b03d-0710-4b7f-be41-2119419addce,bbd53c85-1648-4210-9acb-6ab614c7317a,2023-11-09
1,0,1,0,317,3,0,1,1,143,5e7a0f76-81a8-4131-a253-3440cb4f4d48,92e73d2c-9ebd-456f-8013-4270e87b4eb1,2023-11-09
2,0,1,1,18333,51,2,1,1,21232,9e0da253-35e9-483c-b9f4-967b6a7fa891,68f2d3eb-c84f-4fc6-adf8-0ac6e1a5ceaf,2023-11-09
0,0,0,0,0,0,9,1,1,1094,99a52bb1-32ac-4c6d-8e9e-b23ba0bb5237,2da7faad-ddce-4a99-a6f3-78969bcd9866,2023-11-09
1,0,1,1,173,2,2,5,5,59,ef0b47d2-0f85-4232-84c1-2ea22f323676,92fcee54-43da-4b7e-b20a-23ab7829c9ef,2023-11-09
0,0,1,1,843,6,1,3,3,1646,aee0cbb2-feb1-49d8-9e3c-db119a5470ac,af48e6d3-e838-4c80-940b-418b65c62af2,2023-11-09
16,0,1,1,2756,26,7,2,2,359,32ef2a45-9f62-4226-abe0-c7fbefa6b3c9,6101a0d8-ea14-4149-9ff8-f0acd8ce4785,2023-11-09
0,0,1,0,458,3,0,1,1,467,dad8a36b-0e86-441b-90ea-1aeff35e1ab2,590f7f0a-4f3d-4792-af07-a9a02852af3f,2023-11-09
6,0,1,1,4346,15,0,1,1,425,080ffa08-1745-4a5c-9d1b-0160489109ea,2cdb6f87-d69f-4803-b049-fac65d1e438a,2023-11-09
0,1,1,1,325,3,1,1,1,1030,3a67de0a-e375-4bdc-b8c7-677a8ef0bcba,21f0c25b-698b-4e9a-9ac4-10943aad596e,2023-11-09
0,0,1,1,3037,31,0,1,1,3385,b504d855-8ad7-45d9-bd49-7fc4770862ef,d70d2685-4864-4997-ab7e-880edb4ca931,2023-11-09
0,0,1,1,2755,7,0,0,0,1812,6ee592e6-25f7-4763-9077-80230f5cc5ae,ff7bd4a4-7fc8-4654-9ab8-054e5f85db82,2023-11-09
0,0,1,1,107,214,6,1,1,3039,6edb9bef-a382-4cd1-be31-821ccc7041c0,6d82a127-e6d0-43d7-9b8c-c4bd88352d50,2023-11-10
0,0,1,0,605,3,0,2,2,743,ee31a9de-5a53-435c-917d-0f8e3643c49b,a2ff1d59-f702-4275-9ae5-93de83eac8c6,2023-11-10
10,0,1,1,3164,5,0,0,0,36,1d05caf2-52a4-42a5-bf42-3afe10c180f4,803ca7f6-1bcc-4c01-bf8b-2c2dabd878c5,2023-11-10
1,1,1,1,355,4,0,1,1,200,35fafba3-4bd4-4ffe-aab5-05376b7054e9,05c2bd11-5975-4fb8-9d1c-6344c92e9ac7,2023-11-10
3,0,1,1,1872,11,0,1,1,407,36482211-1f84-432f-ae01-444680433d53,71c5f180-596e-4341-8346-6c5a561dfdf2,2023-11-10
0,0,1,1,396,58,3,1,1,884,1588590c-3d3a-4863-9f02-20d8c5638559,c853fab2-1e65-4f81-8f1d-efb348836c58,2023-11-10
5,1,1,1,331,15,0,1,1,180,83c18a0b-fca5-47b6-9251-c67511cca491,7b33472e-4aec-4d58-887a-45266ba4a24f,2023-11-10
0,0,1,1,16433,3,1,2,2,17751,57f99c6f-df17-447c-ad3c-1c6edb1735a7,8469de83-e0d3-4a79-8076-e17a1a7cb651,2023-11-10
0,0,1,1,1216,5,0,1,1,2946,2df9b9cc-dc1f-4f45-82d1-f4cb9c7219bc,1fbaf68d-3b83-41b3-88c9-6d0ec14a3bc6,2023-11-10
5,0,1,1,556,10,2,2,2,69,fc56d03a-8d5c-4bf5-99a3-5836113cca86,55d7b35e-dbbd-4f95-a746-05b9b6411127,2023-11-10
6,0,1,1,112,25,3,1,1,132,ec259eaa-f393-4247-9dc2-8a532f7b15d0,e98f25bf-10b5-436a-b56b-74c4bb6910ee,2023-11-10
0,0,1,1,529,3,0,1,1,71,778c311a-7b4f-41c1-bcf0-5823e2dfff8e,026d3ca3-c678-48c4-8ad9-604c3a9b3d7c,2023-11-10
0,3,1,1,1091,38,0,1,1,1069,b874f4c5-b393-48aa-9dde-95d26cc0a4be,fb3cea50-6dc6-4ab9-85c7-cf8500368105,2023-11-10
0,0,1,1,1188,9,0,1,1,986,8875d970-2cfe-44fe-b8fe-98326c3c9db9,42de6d3c-02b7-4ec2-b155-3ad7af9e3d48,2023-11-10
0,0,1,1,328,14,0,1,1,10239,8a4e5721-8614-4b7b-bf02-1798c4b6e3fe,16ef773f-47ff-416f-8fc2-2b0918cb7d9f,2023-11-10
0,5,1,1,1233,13,2,1,1,1301,be2d82b0-c811-4de8-bb52-fe2052ea44fe,f3f44e60-6d49-44d6-ae7c-6ea62dcd8328,2023-11-10
0,0,1,0,71,2,0,1,1,1989,f8ff5546-7045-4be8-8658-c03dbf34f0af,3cbba567-10e3-403d-bd4f-bd0799265ae5,2023-11-10
0,0,1,1,3794,13,2,1,1,1461,c2af9bff-8cce-4c94-a6b3-326e8e352657,f141092a-ea70-4216-9a44-db9dbdfae350,2023-11-10
5,0,1,1,2109,26,19,1,1,3304,b9979055-1747-4d66-b38b-abfbe83c2e4a,32b0bc0f-1bc8-41a9-92e9-d4d12c5d6d00,2023-11-10
0,0,1,0,767,1,0,1,1,131,4dab34f3-5e6d-4bb1-a1fb-8706c0ccd786,a3024959-90a9-413d-90d1-5ec67ae60606,2023-11-10
4,0,1,1,2563,11,0,1,1,4458,b5248fcb-2004-43d1-92c0-505d6d2bf7e6,5ad7a5c3-25f1-4762-8870-7c5fa4ad1047,2023-11-10
0,0,1,0,0,2,0,1,1,167,db3f5efd-7f60-4307-8f76-5dd383720bc4,980528c2-9c09-43c0-ab62-90fd50da4cae,2023-11-10
0,0,1,1,1246,200,5,1,1,19367,c40c7a15-83a6-4a32-b689-1c7ba5d90989,23d14e09-04fb-401c-9651-4ab4c338e8d2,2023-11-10
10,0,1,1,1092,30,0,1,1,553,717bf858-34e7-4a6c-a0fb-3838378fe6ab,7e5836ab-9bb6-4a5c-aae9-e47ec698208e,2023-11-10
0,1,1,1,260,16,2,0,0,3551,e872eefa-eb57-41a6-a5d7-0be92c9fe18e,05b6d642-f7d7-4389-9c5c-fdd8c6bc31ff,2023-11-10
0,0,1,1,1741,7,0,1,1,479,84f0822b-71ed-4cae-bb77-34935481bd73,2709e1c6-0cc9-44f0-a8fa-8efdc41d496f,2023-11-10
0,0,1,1,672,1,0,3,3,1841,88105dfc-a594-4907-8621-0657cf9d7095,fd8c78ee-fdb6-4da8-9af6-65a2019d50ab,2023-11-10
30,0,1,1,182,44,0,2,2,38,15103e06-7384-43c3-996a-e5b7eef56c85,37a22b02-ec38-469a-bfd3-334998d3ebd7,2023-11-10
0,0,1,1,314,42,0,2,2,594,3b1838fa-2f67-47d3-84b7-107c80bf2a79,216707fa-2af9-4c63-9567-fa605fcc0afc,2023-11-10
8,37,1,1,381,83,2,1,1,0,78052321-7260-465c-9838-04da3eb73a35,43af40c6-0bfa-4ae9-b3b2-6ae40a1bf8ba,2023-11-10
0,0,1,1,114,6,0,1,1,2776,4ac02007-9aaf-462f-8cae-9cf9d8a22063,fcd88d39-eee3-44a6-9546-3fcd6ae3706b,2023-11-10
3,0,1,1,534,9,4,1,1,159,4ce144b8-5661-4558-8730-549bd462c45a,d6f52f37-9d79-4ad9-9a08-247f68f78040,2023-11-10
0,0,1,1,685,3,1,1,1,1984,06044de4-7aaf-4419-a251-200897d2da1a,a71e7c7e-ad24-4290-a19f-1980d29a6dcd,2023-11-10
0,0,1,0,298,18,0,1,1,2929,88021dda-7387-4cc2-b7ca-56d8ab4483b5,ea48b979-118f-45a5-b085-ead332df58f4,2023-11-10
0,0,1,1,359,31,15,1,1,4039,72940cd8-52f2-40f8-9a8e-c4ebe2d82662,ddb75364-bafc-4223-b916-2940bd35d8a8,2023-11-10
0,0,1,1,342,49,4,1,1,2609,4dc93bc5-4e01-4b26-8d6f-d9b8c797c743,4d0ee4b7-3496-40d8-894f-53beff92b016,2023-11-10
2,0,1,1,782,12,0,1,1,48,98600d91-db90-4d8a-a444-b08e00e6756c,4362868d-6091-4275-94f7-1017879d42c6,2023-11-10
0,0,1,1,1171,4,0,2,2,2044,1ad76a1b-8d68-4669-ad25-867e47ddea30,522c05d3-c91c-4fbd-bf0a-63471ccc6169,2023-11-10
1,1,1,1,304,1,0,1,1,17,609ddd2b-6703-4f1d-b937-ab9c75e61d05,a7c080b0-c0a2-4395-b9b9-de1fe6c8a82f,2023-11-11
0,1,1,0,1001,4,0,1,1,1991,e199cd6e-31c9-4684-8078-f15bd75bd116,520c8159-0dfa-4510-a668-01d97c60e8d6,2023-11-11
1,0,1,1,321,17,0,1,1,187,32239c72-c8ff-4bc9-83e9-b8a90069544b,4847b2d1-aa44-4274-bda7-72ef46ac63fa,2023-11-11
0,0,1,1,146,106,1,1,1,9349,3ffd7631-4d79-465f-a300-0c239f4764f7,c898bbcd-e78a-47e6-8513-da2481f57441,2023-11-11
0,0,1,0,204,5,0,0,0,7633,f9a01f53-9d77-4b45-adae-78c7c8d12e8b,30b15d91-53dd-4c4b-b0aa-edacaa07381a,2023-11-11
1,0,1,1,431,1,5,1,1,1389,5cd91638-3665-4f53-9cb3-6f0eb5af90c2,3fa88931-9803-4736-b7ac-3fb29bac9e74,2023-11-11
0,7,1,0,153,16,0,1,1,356,b318632b-5525-43c1-b64d-d88805a3c72d,19b80879-477a-4982-8249-54a03200f516,2023-11-11
3,0,1,1,14493,4,0,1,1,612,4c5b1c7d-189b-4238-80da-1479c229d6ee,4800c1b3-788c-4365-b436-73aff1078b03,2023-11-11
0,0,1,1,249,63,0,1,1,555,66a22ad2-193a-4aad-a79b-dd3e73db7885,27fca4e0-4322-4bc0-8569-b45b3441838b,2023-11-11
0,0,1,0,173,16,0,1,1,280,d52e8fe6-0af6-43d1-904b-80770b333b6e,31e443c3-d0e7-4eff-b878-d86dc862eb0c,2023-11-11
0,0,1,1,42,0,0,1,1,69,393ec8cf-8d01-438e-ae1d-2e24ed729689,918324d8-3250-44e4-b4fc-7deb8323f8a7,2023-11-11
0,0,1,1,95,7,0,1,1,970,6bd08269-0ebf-46b9-bb7f-5fc44cfd59b3,5068bf3b-e139-40fe-af74-f174941fe500,2023-11-11
0,0,1,1,5511,62,1,1,1,15838,d0703225-4e48-4c28-81ed-9c1b846f9d92,c2595e60-8fb5-4ca6-8273-9ab6d9617c34,2023-11-11
0,0,1,1,545,7,0,1,1,144,d4640532-6919-42bc-a3de-e1fab3d0a4a0,384b2831-335b-4ad7-9bc6-9e4620d5085d,2023-11-11
0,0,1,1,1160,35,0,1,1,1139,b633a5c3-fc7f-4e7e-bcbe-ed8644c1db40,1e5ca354-876b-4216-bf24-01fc1e892ebe,2023-11-11
0,0,1,1,455,149,0,1,1,2429,568543ec-89fe-4e7e-a757-e66814e9300d,a80894ac-400f-4285-85c0-43d46ba916c3,2023-11-11
2,0,0,1,0,0,0,1,1,227,ba03d3c5-4045-4b30-b78e-2abe9fce3038,4e663ffc-0caf-4866-b588-74986d5a0e9c,2023-11-11
0,0,1,1,895,9,0,1,1,2725,4c617732-1e66-473e-9f46-4954b20dd516,aa2988f4-282c-43a8-a3de-1406cd315326,2023-11-11
3,0,1,1,849,44,0,1,1,334,66e67d21-e573-446b-b6ff-8ef91077e3f3,06413665-f359-43b7-ba76-d438f9e3b6a5,2023-11-11
18,0,1,1,958,75,0,1,1,176,0c2aa23c-a0f9-4945-ac3b-1c5e92c0b6c8,a0591586-90ae-4b24-8af1-0516bf1dbf54,2023-11-11
0,0,1,1,3869,16,2,1,1,2494,31c27f93-0f5f-4b9f-9fa2-3dfffc4dff40,e4007b06-86ea-4a8d-86c0-b45d2f4e9601,2023-11-11
0,1,1,1,620,3,0,1,1,1116,98f85627-6c4d-4cd0-aa15-0cf3c8a14254,25eecd1a-a3ea-4505-8ffc-62343b04b6b2,2023-11-11
0,0,1,1,2030,7,0,2,2,5524,e47f920d-b700-4f17-9704-6ac1b4a0d8fb,73044b75-2b49-428b-86ea-09ce25135179,2023-11-11
0,0,1,0,121,1,0,2,2,75,0d273157-3564-470e-8919-4788ba13fd3d,8f62193c-1528-42f5-a735-392327a17b26,2023-11-11
0,0,1,1,768,17,2,1,1,194,f3b23a40-8e48-40c6-90de-0c3c12eeb00e,de2cae15-074a-4167-95ff-17578f19e033,2023-11-11
0,0,1,0,1035,7,0,1,1,304,5fd83c21-773b-4a86-953f-dcbc6eb4cbe7,ab14c1ba-3a7a-4162-a3e7-d108761089e4,2023-11-12
0,0,1,1,7126,2,0,1,1,2938,e640bc00-e2d6-4930-a73c-8e241fd8374c,9c5f8ed8-808f-4695-86ca-95e6dc756ea2,2023-11-12
0,0,1,1,7127,9,4,1,1,1680,6870483d-8a40-46d5-abef-b319070c4579,1c55f300-8d2f-4f3e-a704-f0dd57f5dd35,2023-11-12
0,0,1,1,239,7,0,1,1,916,98d33491-8c08-4f06-aa17-f42b87744e37,bba9fd62-17a5-4cc2-8677-1e93bb585097,2023-11-12
0,0,1,1,758,10,0,0,0,1580,b4c27c20-005c-45e8-9cb0-d2c42bbc3411,4ddfebd8-e9d5-4bfd-90fd-ab3b1a65a39d,2023-11-12
0,0,1,1,735,73,2,1,1,3617,0bcbb6c8-ae05-4130-adf2-289a0baf9e2d,507e309e-6f6a-4a17-8c8f-e856ad971927,2023-11-12
4,0,1,1,69,14,0,4,4,292,3a5a1f31-4bcc-4522-a9ea-cca293b997af,b624341c-cdf0-438f-8b96-49d621aca8a0,2023-11-12
2,0,1,1,206,13,0,1,1,393,ca7790ee-6cfe-4a2a-acaf-46da0649e7e0,38b5d96f-1e8e-4c60-8019-4b03fcd2ecd3,2023-11-12
0,1,1,1,9,0,0,1,1,9,76cbf76c-4d20-4367-8a32-f14a9914cd25,03bdda70-bdd2-4893-9a41-573a6649f8cb,2023-11-12
10,0,1,1,2045,101,0,1,1,178,261fadef-5a21-4359-bd0d-fad69d8b71ed,04362cd3-4b80-48fe-88e0-bfd6a61cc5bd,2023-11-12
6,0,1,1,4312,82,17,1,1,3088,5f9b0f6d-a515-407b-8474-e8cc870b7f2e,a82ffdd1-72ba-4e50-89c0-f594edd90a0d,2023-11-12
0,0,1,1,284,9,0,1,1,72,fd52d61a-7d9c-4303-94d1-70bc04ad7e1b,2bb9b60f-e221-4fb1-a643-bea4f22e3e20,2023-11-12
0,0,1,1,845,2,0,0,0,1573,b88741f2-89a2-4fc7-ad5f-6e25f25b4cf6,81e9f19c-9a45-460e-b8dd-19fd276e6354,2023-11-12
0,0,1,1,494,60,48,1,1,1055,ef74e55a-49b3-4b0a-b512-e085c80f8a13,363c2440-084f-478b-a0ab-c4c407e1c87e,2023-11-13
0,0,1,1,191,14,5,1,1,260,9b13f722-791a-4ec1-ba67-b7f8137df845,f0373854-534a-4d31-ac82-755c0a222033,2023-11-13
2,0,1,1,3394,228,6,1,1,4100,740535af-864d-4881-86a6-e8de00d7a756,bdc9e0cb-53f5-42e2-9258-ef4dad7d03c9,2023-11-13
0,0,1,1,4963,5,2,2,2,3193,6389c536-eb7f-4ae6-8e28-84f2b6115881,2d767c53-791d-418e-b59c-bbd7e0f4fe1f,2023-11-13
7,5,1,1,112,10,0,1,1,17,38559efb-619a-4ab9-ae40-fe5696abc38f,af0dc019-bdcf-4ce1-bc3c-33da8a0ecad7,2023-11-13
0,0,1,1,3395,19,0,1,1,16169,45b03a5c-5dd3-4bf2-90d7-375f309f97b6,89dd2eae-a1dd-453d-acc0-1fb84129ed98,2023-11-13
0,0,1,0,383,17,0,0,0,427,76bc28e2-c58f-4d50-ab40-b4008446e77b,69819cd6-ab81-41ce-b7fc-ca7f5db966c0,2023-11-13
0,0,1,1,4052,3,5,1,1,5925,7f5fee73-c06d-4ed4-9127-cc7f0fa26d8e,08183c62-1012-4d00-8e2a-e8bbd82e9cbe,2023-11-13
0,0,1,1,10,0,7,1,1,97,20a0010a-16ba-48bd-b7dd-8c090d02d922,5c954d03-3605-44fe-8b86-2b5fd68391af,2023-11-13
4,0,1,1,1996,11,0,4,4,4520,a8e7f9bf-e5ae-425f-a98a-a09758a4a8a2,ddf99023-8b52-47b9-b366-b7f115c6fdf2,2023-11-13
0,0,1,0,99,1,0,2,2,111,185bb56d-57f5-4ad6-8c1a-f179242550b8,564df60e-a5bb-4c36-b232-18dc527e6e47,2023-11-13
0,0,1,1,2855,16,0,1,1,21234,45cd3468-6b92-497e-a61a-5f5c31f4013c,581b6a1b-3422-4b18-b3fe-362f103b062b,2023-11-13
3,0,1,1,839,8,1,1,1,5,77d5c4aa-d6ec-4489-8990-ca2860f1d3c7,7a434b1a-90b0-4eba-8140-cbed30e1f7af,2023-11-13
0,0,1,1,3292,830,56,0,0,39158,82e8e6f4-262b-4d18-b7f4-ced07bfc8fd3,220cc74b-ec6e-4f1d-9590-89b8e589223f,2023-11-13
6,0,1,1,1428,6,3,1,1,247,a62be822-8c25-4923-88cc-270fc53b6bc6,aed85d79-d575-4204-8b7c-7ac0e8290df8,2023-11-13
0,2,1,1,952,10,0,1,1,313,0760c448-6ab4-46ce-ac2f-e6b5036c8eb3,ef576add-9e67-4bac-a94e-0d6d60df5483,2023-11-13
1,1,0,1,0,0,0,1,1,26,278aee0f-d857-4335-8999-3e68c1c2bdd9,72cf3f52-ee5d-4017-ad99-cd6987f9dfa2,2023-11-13
1,0,1,1,625,2,0,19,19,3049,3762456f-5ba4-4ff4-9eef-a9d4f56b7945,08074908-960e-4512-9cd9-0af32b502fee,2023-11-13
3,0,1,1,2419,51,15,1,1,2688,6351f30f-2538-48a0-877d-67d3506aae78,f2c4d8ed-7de9-42f8-afdd-ebb9aa56df22,2023-11-13
0,0,1,1,7654,22,0,1,1,9411,3807deb6-7c96-43d1-aca2-15db1854f0d9,708b13d2-7ec1-426c-8990-b6f62d0991b1,2023-11-13
0,0,1,1,1518,32,1,1,1,1752,0a89a21a-bfe1-4abe-8200-333f32814691,57a87575-4ddd-49dc-a1bb-87cdfe374602,2023-11-13
0,0,1,1,708,124,0,1,1,2089,77b93b4e-ecb0-43d6-8499-b3d3fde201ec,f92d7896-03f8-480f-a096-c87c607aba9a,2023-11-13
0,0,1,1,381,105,0,1,1,2349,b52755bb-6326-459c-b4f1-d7cbb8e92852,64bc826c-0feb-4363-8e11-c52f64c43c78,2023-11-14
0,0,1,1,891,103,0,1,1,9549,e55f29f9-2bea-4036-89fe-43a944e23b12,47d4265a-984f-4cba-909d-2dc522e7c1f2,2023-11-14
0,0,1,1,183,39,0,1,1,1110,d8608e18-faa1-4fc7-92f3-47a3dc88affd,b243dbdb-2dc6-4129-87e5-24d29c4af812,2023-11-14
2,0,1,1,466,30,1,1,1,1278,1032263f-b225-4768-a55d-b9c29a3faf00,3ecfbfd4-93a2-46e2-8bb9-821258524241,2023-11-14
0,0,1,1,38,5,0,1,1,435,15fe894e-de51-4fd9-948e-f2dc582c3bca,a904c6d0-f150-4ff7-9e3a-81a7fef7ce4a,2023-11-14
0,0,1,1,639,12,0,0,0,1556,7d558afb-5f8a-4e36-8c2a-633cda79789c,6dea4405-e5a1-4c57-8882-7d0872fa50a6,2023-11-14
0,0,1,1,1726,43,0,1,1,5455,0c540603-2ba1-43b3-818b-b2bf6ff87367,ceaa1fce-b003-4408-97e7-5027c11dae17,2023-11-14
0,0,1,0,293,2,0,1,1,163,f6b52a2c-23a7-438d-afb2-e6fbcec32c70,cf570fac-07ce-41dd-a5d8-ce0efc57ca4a,2023-11-14
0,0,1,1,2093,3,0,1,1,165,7b79daed-d7ea-49ca-a9a0-21bb0435237b,f4118cb2-66a4-4c1f-b5ca-14208cf8ae29,2023-11-14
7,0,1,1,356,10,0,1,1,38,012f47ac-4b76-4ddc-b44a-08fd430d1b73,bc2bc975-905a-434e-8775-7fbe8ee8afed,2023-11-14
0,0,1,1,567,11,0,1,1,328,faa53b3e-83f9-4a31-bfcd-8f70c13e8be3,8c2a54f5-6c05-432d-a7b4-889ded2c060a,2023-11-14
0,0,1,1,3326,4,0,1,1,10987,09d4455d-f7c0-444e-9c3c-782805749041,80f2835e-d0a9-45cf-9dc5-4b0932dfb092,2023-11-14
0,0,1,1,940,14,0,1,1,2934,edf9c819-b10d-48bf-b310-e021ba21c3b2,4840ed23-16da-4c81-807f-68dac10e4ad0,2023-11-14
0,1,1,1,30,0,5,1,1,618,eaf813b1-5162-4b5a-8922-901097e00be6,091ae16d-2441-4eb2-a057-49e1aa20419a,2023-11-14
0,0,1,1,456,69,0,1,1,7426,ed557a85-2680-4017-9734-d920595945c2,6519356d-4475-4193-9e9e-1e71276c9790,2023-11-14
0,0,1,1,844,11,0,1,1,439,46889bd0-5a42-43e9-801f-76c28001e1af,79f433ac-0af6-4279-9347-e7bfd494c6fc,2023-11-14
0,10,1,1,0,0,0,1,1,293,8ab91e6c-95ac-4023-ad3a-c1418626da9a,b08077b0-9781-4658-aff1-012c250b477d,2023-11-14
2,0,1,1,1602,26,1,1,1,1162,eb4e08ef-78f8-452d-9394-af876b9b7a7c,471c3384-ff2e-486c-951a-08eacd3617a5,2023-11-14
0,0,1,1,391,12,0,1,1,322,4edc2ff9-037a-4cf4-82f5-902e559a5b4b,7be441ab-e339-4ef2-a307-cb20a222768c,2023-11-14
0,0,1,1,714,115,0,2,2,10052,4fad2743-9b0b-4816-bf1c-c9957368e8da,d10c77e8-a740-466a-8e68-a6f1b1288be7,2023-11-14
0,0,1,1,492,5,0,2,2,161,931eb8f2-2c06-4311-b4d0-37f92aacb295,43f56372-0f09-4772-9ad4-b0052fb3b950,2023-11-14
0,0,1,1,2457,4,4,1,1,773,156bc1db-991b-4010-a825-08bcc77b67e7,ea910861-5674-405f-8571-0c47853f03b9,2023-11-14
0,0,1,1,2029,18,0,0,0,586,6313becf-e777-41d7-978b-7f86d2f0b33c,25bb51e6-53dd-429b-86b3-533d6c7bba01,2023-11-14
2,3,1,1,811,6,0,1,1,22,9dfbb09d-ad44-4606-b10f-341345db407c,4f5090c0-25e7-4861-8a81-b9f10a40d760,2023-11-14
0,0,1,1,968,60,16,1,1,1904,0bf7d079-e10f-467b-92ae-422e46813612,60ea74e1-b114-4629-8089-5915e71961fd,2023-11-14
5,0,1,1,2127,51,1,1,1,1449,166c9998-04dc-4078-80f0-4465b915e2b0,9a54808b-d27b-4735-8da1-f6d23dce7636,2023-11-14
0,0,1,0,14814,5,0,0,0,47600,d6ede9fe-bbb4-4adf-bcd9-968b88dd0f63,238118a8-442a-4ecd-b78e-fc9910641f45,2023-11-14
0,0,1,1,3659,4,0,1,1,1000,759b57aa-9d77-450c-a906-d7f1fb580a50,5f80c021-e972-44cf-9735-eb650a6fdddf,2023-11-14
0,0,1,1,1885,417,31,1,1,31549,22b669bf-cb77-4c95-a84b-af31ddb3c873,75cebc9b-e88b-4254-9704-f471cf3c8ca6,2023-11-14
0,1,1,1,73,3,0,1,1,25,6c6755c6-0d3a-4d28-9432-8f1d04aef317,0e5ae140-8b38-4e5c-acf1-05e58652a15a,2023-11-14
0,0,1,0,643,12,0,1,1,2123,9fbf3fb2-80d9-4a02-b720-66e8ee249d58,318f831f-3738-41d6-bd40-120bd4f6b037,2023-11-14
5,0,1,1,651,57,0,1,1,363,71afba96-af2f-42de-ab7f-38d80cd99ca1,a40d6322-c970-4d55-bbb9-d3e177d56824,2023-11-14
2,0,1,1,5035,48,0,1,1,1162,80acc885-13b8-4e2a-8d19-0f051dd216b1,e8cea84c-e4bb-4f2a-ac88-b5d31bfa1e7a,2023-11-15
0,0,1,1,7201,6,1,1,1,4404,b88b15dd-8284-4a14-b672-611542081885,71cb5044-dc4c-49c9-859b-9a7ebeb71ceb,2023-11-15
0,0,1,1,264,15,1,1,1,550,fa7ed4bc-d43e-4646-8fe7-e9b09e6e001c,ec52a751-aea5-4791-b5a5-677512e140e6,2023-11-15
0,0,1,1,143,2,2,1,1,345,32d555dc-a6b3-4c02-ae8c-3dce6ba08f9e,a5a9a57d-8bc4-4d58-b66f-7c1b8ad406d0,2023-11-15
0,0,1,1,0,0,9,1,1,3110,c6442ab1-c7f5-4216-9ace-7e1e6bf1de95,c312fac6-2d74-4069-95fc-87143b4bde86,2023-11-15
0,0,1,1,410,32,0,1,1,1736,69c07c32-d078-4fdb-ba25-38e5755ea5d8,fed93ff0-df63-480e-9843-47c3fed40f3d,2023-11-15
0,3,1,1,1270,100,1,1,1,1541,7a4971c9-eb18-4d1f-928b-768af4e12392,9562dd86-8cf8-4a06-abe1-7c3a4113bf1b,2023-11-15
0,0,1,1,1333,10,0,1,1,2854,dc7692f3-9455-4a5c-9de4-aa29d05a4624,83c060bd-ca59-4ce0-b6e8-ab464f03c532,2023-11-15
0,0,1,1,1,0,0,10,10,839,7ec256c7-d8eb-449f-ad7f-d21f9df645d8,6cb9dff6-b436-4e04-8c6c-c6c85f6e18e8,2023-11-15
0,0,1,0,141,11,2,2,2,2651,4dd7d1d9-7ed4-4c3f-a07e-24a9d074b1df,3ed4a632-7d1b-4b6f-bf3f-49cf8e4415d5,2023-11-15
0,0,1,1,982,37,2,1,1,3819,3c0b50b2-ea48-4baf-9ebf-6c71b8168bdd,8249632e-4223-47a5-b5ae-725327542e4e,2023-11-15
4,0,1,1,123,61,1,1,1,114,2b5a3ba4-4f41-4e6f-a8fd-e01c51874079,9d571073-f885-424a-ad06-a18b2d8d8f31,2023-11-15
5,0,1,1,201,28,0,1,1,119,35cb881c-79a7-47ee-a402-23173c30d372,c6a047ed-0d70-4dc3-a667-9d203e0469e4,2023-11-15
8,0,1,1,293,66,0,1,1,80,a98089ac-7a56-4423-a417-3461750f2f56,b037f603-d1fd-43d5-aa18-260e2031996d,2023-11-15
0,5,1,1,158,26,1,1,1,282,089f7125-d141-4bbf-b78f-5b0d32f302bf,5e68291b-14dc-41e0-8786-7821c0140b72,2023-11-15
0,0,1,1,171,8,0,2,2,553,1b8e5afd-9bb3-42c1-875a-8d185e1aec1e,09099c70-a828-4656-8751-c222a7978a7b,2023-11-15
1,0,1,1,1207,36,13,1,1,962,bfcaf4ab-c49a-4d82-b6f7-19c9555516dc,109b0616-fe32-4974-91a2-327bc1c60f96,2023-11-15
0,0,1,1,98,155,0,1,1,1478,73cae85e-685f-4501-9b25-b17eae1b4661,8e54795b-6a10-482a-9901-6ecf89381243,2023-11-15
0,0,1,1,662,7,0,1,1,252,8fc053c7-3cfb-4913-917d-ab988582b0d7,68508647-3735-4db8-9219-dfab712f4eb4,2023-11-15
0,1,1,1,237,4,3,1,1,565,e0c5caaa-024b-4b32-a212-0f6921114636,fae20758-e8d8-4b3f-8cff-632370ac62b8,2023-11-15
1,0,1,1,1022,27,0,1,1,1056,f815a261-283f-4959-9d5b-a25f343c076b,ccb260f5-a87e-4c88-9934-b7df55e58e7f,2023-11-15
0,0,1,1,391,10,9,1,1,1788,93bdeec5-76b7-4bfc-a9c1-cf3441d40a07,5508de60-8371-45f6-b18e-7ae7a26a83ac,2023-11-15
8,0,1,1,909,21,0,1,1,793,220e35fd-d5be-4f5b-9820-2f4826befa32,ada400d1-2346-4d69-9e02-3a3b242866ed,2023-11-15
0,0,1,1,192,16,0,1,1,2123,5cbeff61-b36f-4529-a538-6e35536e1ccf,fb69c8b7-87c0-4306-ba53-b2e6d105524a,2023-11-15
1,0,1,1,494,8,0,1,1,539,6e5d1eb7-f8ad-453d-9c66-c0b8e4be058a,3fea3d0e-c7a6-4a8d-8507-fff6c34a87bc,2023-11-15
0,0,1,1,317,12,22,1,1,823,1cc45f5c-263a-44ae-920b-2257bda36648,9c4fe18c-0afc-43cf-803e-cc1ff8cc92a1,2023-11-15
9,0,1,1,426,20,0,1,1,167,3186037d-ea63-4648-bb2d-6b987cd760e6,be460fcb-1a89-4658-bfc8-a60ca3d39fc6,2023-11-15
14,0,1,1,768,19,1,1,1,40,4d5a4bca-5161-45d8-b2d7-89f62cf264ac,c28ab06d-1b16-4b96-a3f6-fb970836f49b,2023-11-15
0,0,1,1,243,146,0,1,1,467,f32dc118-8460-412e-84c5-a29ae4823bc9,05bb8a84-3b18-4d40-9953-e02c1a499e1a,2023-11-16
0,0,1,1,245,292,0,1,1,1442,2c58a5fb-5610-4885-be6e-623ac8645da1,852a0f0c-9994-4402-9fd4-3647eaa281cf,2023-11-16
0,0,1,1,109,4,0,2,2,195,1bdfa5db-b374-444a-83cf-939713d30915,dc557247-4cab-4924-9430-89d12024d493,2023-11-16
0,0,1,1,3278,10,0,1,1,1247,77496621-fbc4-4e90-a8b5-e49141252a63,2f7374ef-890d-4e75-85a9-a0209e5a44c1,2023-11-16
4,0,1,1,761,273,65,1,1,1920,36ef32e4-e773-4922-9258-9e6ef1667905,375d6447-96e2-433c-b594-d7c0ae32154d,2023-11-16
0,0,1,1,163,92,0,1,1,621,96e025cc-4a46-46c7-8413-36f897d61295,b7004ac9-31d0-482d-8385-efba9bff848b,2023-11-16
0,0,1,1,2275,44,0,1,1,726,18b8205c-90de-4502-ac78-0cf053e40259,68b885b1-e8eb-4063-86e8-60f312d6b445,2023-11-16
7,0,1,1,496,25,0,1,1,88,f63fe38f-ad1e-4a7b-9d99-ac4b0edd29b0,4dea63b8-94e1-46b9-85c8-aa98a07452b0,2023-11-16
0,1,1,1,1594,10,0,1,1,3024,2af59154-f75b-40b9-963b-c6d5037ab322,934cd28b-e9e0-4f79-b370-1340381572c2,2023-11-16
0,0,1,1,4536,9,0,1,1,25634,e82b1aeb-2071-4e26-b5d4-b92360c407e0,92298390-8142-4638-b367-905b21267473,2023-11-16
0,0,1,0,651,13,0,1,1,262,424b8f08-e707-4b7a-a91b-a6241c8e2acf,96c249bb-946a-446c-9f2f-c151ee5767ff,2023-11-16
0,0,1,1,606,5,0,1,1,180,f0cde565-5155-425f-a126-81d5397db50f,46f2ab04-8a5c-4743-a8d8-51d9d73446ec,2023-11-16
4,1,1,1,1689,36,0,1,1,301,961ed880-847a-4ab7-8190-9321ae42ff89,af3a250b-41e6-45a3-90dc-c461ae66525e,2023-11-16
0,0,1,1,259,36,0,1,1,1326,dd6ca70e-03fa-4e6e-80a0-1d29cecd1899,59fd804a-f850-4adf-b3a9-8fa35208f6cb,2023-11-16
3,0,1,1,584,5,1,1,1,237,e51d3427-dbab-432e-b24d-22e7435ea857,bd9cd697-1952-4859-8b66-57f640744d16,2023-11-16
1,0,1,1,9614,6,0,1,1,9349,08ef92be-32dc-48ba-be14-bcdebc05f8aa,5ace8850-20d4-4152-be3e-beb4f238b657,2023-11-16
4,12,1,1,606,22,3,1,1,140,0eeaa947-755a-4fbe-948e-3c6aacf91c75,d17fdbbe-9c9b-4495-9164-55a909d30d98,2023-11-16
0,0,1,1,133,20,24,1,1,779,6bbbaa2a-7697-49a0-8175-936390c34bb1,c30b8fcd-bf84-4766-a405-320468d7d188,2023-11-16
8,0,1,1,816,7,209,1,1,1647,7bb903d8-dfb9-4dd4-b868-9293cc51883a,d8cf9729-2842-4274-a661-20f00519e1fa,2023-11-16
0,0,1,1,182,36,0,1,1,4225,6a47b76a-59f7-4e4f-8690-12c2a2401654,f5ecba5a-208d-4999-bb38-85dc327c70f0,2023-11-16
0,0,1,1,296,3,0,1,1,145,82fd6cfa-6847-4bb5-a7f5-d79b26e74b90,a4c76d40-013b-43b2-bf3c-7c64d8153702,2023-11-16
0,0,1,1,0,1,0,1,1,68165,dbc0a552-6399-4e77-abb8-04cfe24e4f78,a622f62a-cf47-4d4d-8b38-f5ad5ec0796b,2023-11-16
0,0,1,1,274,42,0,1,1,1146,5cf43223-b6ff-4ae6-bbdc-ded47fc6ea2c,3909ec75-5865-4528-a025-efa96ce46f57,2023-11-16
2,0,1,1,1055,26,7,1,1,754,a26924b7-4295-4066-bb75-13637a846081,62e166bc-225e-4f42-8a61-475fd5e21b4d,2023-11-16
4,0,1,1,398,29,0,1,1,811,b93fa6c0-1304-49ae-91a2-a1194c7d25c4,8d3b8d49-2f6c-4b30-9c1b-df3ab378a39a,2023-11-16
0,0,1,1,217,9,0,1,1,42,c07dbd74-2aee-4f11-b053-a08256d2eb7d,6f3a5115-50f3-42ad-9ce5-65727ca61186,2023-11-16
0,0,1,1,473,79,0,1,1,754,8968f58b-75fa-49f1-a88e-01ae1d4f3861,d9ce13f4-30f4-4cae-9089-32e695deaf23,2023-11-16
2,0,1,1,1866,33,0,1,1,1293,29bdc8cb-a81a-4cd4-8c91-5f7d48219fa2,3a351cf8-8658-4031-94db-76f44d937f3b,2023-11-16
5,0,1,1,25,0,2,1,1,93,f5dfb123-b8f2-44a6-aae8-9da217ea243e,16bbd7d1-e465-49b8-b343-b3d07e786d1d,2023-11-17
1,0,1,1,1077,31,7,1,1,2310,059e543b-69f6-43f6-8db1-57995249ccf4,c12192d6-659e-48f6-877a-d2320789df0f,2023-11-17
0,0,1,1,793,178,22,1,1,117,61b2d9c2-acb1-48d8-bda2-913955910c3e,1114c703-4e25-4e69-be20-adc600c2d1c7,2023-11-17
0,0,1,0,0,1,0,1,1,93,8c3e9305-c0db-4ed1-982a-b5085077dce7,e71ebd51-7cee-41f0-b760-be4639e50e17,2023-11-17
0,0,1,0,10,0,0,1,1,86,efc5c27e-373f-424e-8d96-6d8fee35eb06,7e747478-f039-40c8-984e-6d0d48b05fce,2023-11-17
1,1,1,1,0,1,0,1,1,190,64e91d46-d8ef-47e1-bf8c-75d69edfb3ad,abf7d055-a3c9-4f60-9249-d652547fa406,2023-11-17
0,0,1,1,1143,6,0,1,1,5483,d5db00c3-6bca-4ff7-a30f-60bc435fdb87,3ae8acf2-3607-4efe-b951-8f29956c9f4c,2023-11-17
5,1,1,1,751,19,0,1,1,60,4bd6ee69-f649-4f0e-b1c2-00942bd1b45d,9156128a-2eb4-41a9-8a35-b6879dc74fe4,2023-11-17
0,0,1,1,1256,13,0,1,1,908,3200bd9a-05a7-451f-9d3e-019a18167428,0cd8b36d-799f-4deb-ad9b-7b9d51fe0d97,2023-11-17
0,0,1,1,770,54,0,1,1,1231,286e09f6-bd9c-4745-b20c-d18b1e044306,6b029e80-57f8-46ed-9a83-54fd5067bb6d,2023-11-17
0,0,1,1,121,26,51,1,1,2591,18f123a9-2237-4da3-851b-1586249d0341,c4480bb8-b6d5-4fa5-8263-e6c665b3097f,2023-11-17
0,0,1,1,113,10,0,4,4,656,c438bf53-10a2-4eb4-951e-6e904d980186,b0524b0e-caa9-4c58-b6f5-ed81804286b2,2023-11-17
5,0,0,0,0,0,41,1,1,221,c1565182-6900-4a31-a8fd-a5912fa16d56,7537a5e2-84ab-40d0-b14e-60218702b861,2023-11-17
1,0,1,1,9546,10,1,1,1,2165,a7cc96f2-695a-4623-8246-c0e5a826da61,9b55df54-b268-4539-bd9f-0ed2a0e2954a,2023-11-17
0,2,1,1,373,5,11,1,1,240,05aee526-1f09-4486-93c6-2f7522c4b335,d4b9bf88-4da7-4284-bff0-a4ba7c2ead77,2023-11-17
3,0,1,1,3361,12,1,1,1,2783,1c7c55c3-e6c9-4f45-ba83-3b52092da075,a5cd3a5f-3051-4621-9340-c2f3e64ebaa7,2023-11-17
4,5,1,1,287,70,0,1,1,166,6ecd3971-15da-496f-992b-a55258103c84,a31993c2-dc42-4197-a3fa-508645b7f62d,2023-11-17
0,0,1,1,1094,71,0,1,1,3862,61e3365d-9d68-4f0c-a911-65a8abf5f2c4,c473c2ab-4623-40dd-80a5-cb635f83f67f,2023-11-17
0,0,1,1,706,9,0,1,1,8671,d65bf3cf-1c98-4632-ba1f-fbf9c0b25f87,51997ab9-2b31-4fb5-bcf4-749367ec190f,2023-11-17
1,0,1,1,150,53,0,1,1,302,c132f1b0-c31e-45ed-a996-22ba90884368,86cbc97f-7fbc-4871-84ac-8ee7bffcd0dd,2023-11-17
0,0,1,1,2958,44,1,1,1,15541,9d8cc132-6882-46e4-bc3a-c01d254e80f0,7c79c508-71e5-41a6-b0df-df48223cfbfa,2023-11-17
7,1,1,1,991,18,4,1,1,46,3530e0a2-3add-430b-b21d-794423a8d7dc,c4eb9826-b383-46bf-9cfe-2d47236d26a6,2023-11-17
1,0,1,1,774,55,0,1,1,2041,ec0fb4a5-fb45-438a-a782-a269b7210fb7,9b6bc1fa-b49c-4941-b9a6-8e45706cdbc8,2023-11-17
8,1,1,1,139,2,1,1,1,57,752d9ba9-3f99-4c58-b791-eb59e3b9cad9,9ad0fd71-ef12-4824-89d0-b3c4c40f298c,2023-11-17
4,0,1,1,634,86,0,1,1,593,34d380d3-b73f-412e-932d-bfc9345c3614,ee59378e-29bc-43be-aa47-862e422e4dee,2023-11-17
0,0,1,0,117,16,0,0,0,736,629b2022-1b6a-4104-a7f9-e5bbb2b5c17f,781ef6f1-4bec-4186-a3a2-e94077e0324f,2023-11-17
0,0,1,1,15,0,5,1,1,655,68e060af-3ca9-47b5-81f5-11cbb52def9e,92a3599a-4f1f-4a4f-9a12-59f7acab5123,2023-11-17
0,0,1,1,1477,4,6,1,1,1080,49b11136-cad1-4e4b-a0f1-427cfdda7dc0,ff14b965-f4a9-409e-b37a-75c16a924c54,2023-11-17
0,0,1,1,270,25,0,1,1,133,961a88d0-3142-44d7-b075-b691a0de78f6,aa356275-3247-4009-9fd5-b44aba32ea7c,2023-11-18
0,1,1,0,3299,2,0,2,2,4410,f852625a-0bc7-4ae5-9623-944d4c2592cf,ea708e09-1a1f-4993-95a6-8e4f213c981e,2023-11-18
21,0,1,1,106,5,0,1,1,68,0fd1958c-cbcf-43e4-aeba-d3b107843ba4,45162c04-63dd-418b-8e53-cbe2f2ae3114,2023-11-18
4,0,1,1,4787,17,6,2,2,4210,41b7117f-b3a2-4a83-a516-9b5b219aecb5,45e47b0c-c25a-4cfe-98c1-73402d2e4365,2023-11-18
8,0,1,1,15181,107,4,1,1,1197,3c3ae80b-430c-45eb-a1ff-afcb44c62805,68d65bb9-23f2-470d-a7cd-a65a57803f1a,2023-11-18
0,0,1,1,333,70,1,1,1,1090,d45cc367-98c0-4398-b7c8-f97d7bfb32fe,069f29b1-eefd-4f76-9cc4-aa2e31278a4d,2023-11-18
0,0,1,1,60,5,1,1,1,411,a8a21b2e-77b6-49a6-b629-4ec1e02103c1,5f6ef246-316a-4704-bcf0-ee9ce82ea8ce,2023-11-18
3,0,1,1,73,6,0,1,1,131,dcf5ba1e-cedf-460b-a597-25087220206c,6764b453-62bd-4a5c-83ff-39f754469fcc,2023-11-18
0,0,1,1,911,12,0,0,0,7251,4913bd38-baa4-4d7d-b662-cf2a73154395,eb4ed9ee-497b-41a1-afc7-c8672a218d33,2023-11-18
0,0,1,1,2588,9,0,2,2,434,9979e427-270d-465e-b24b-f342d572382c,facc7663-660f-490a-b2fd-e4246374ee71,2023-11-18
0,0,1,1,366,11,0,1,1,1046,133ed912-9bfa-4433-947b-a6c35fd52076,3b59f31d-71b9-40f2-bfa7-4b02cce135b9,2023-11-18
0,0,0,1,0,0,119,1,1,694,7f6ac3ce-6595-4850-bfa0-ecb7876f5d5d,22ab4009-b521-4cf0-b627-1c85e33001f3,2023-11-18
1,0,1,1,0,0,0,376250,376250,-1031,e8e03152-199f-4f39-9937-26462997eace,831fa8ef-68b1-46f8-be67-28ecadd48d80,2023-11-18
0,0,1,1,122,11,0,1,1,185,04dd3524-6b4a-4b3c-b031-573f871219cf,6531a39b-405c-48b5-afd4-679b04318c4a,2023-11-18
0,0,1,1,46,33,114,1,1,6164,c549c5ab-dbe7-48ce-b7ff-1b0356074230,cb535691-c962-4df6-964e-762a71d313b2,2023-11-18
0,0,1,0,311,6,0,1,1,258,360d0d5f-bb5f-4e76-84b0-25457b8ff5c2,a1f4b72e-5ab0-439d-8f4b-25340d081a4c,2023-11-18
2,1,1,1,469,20,0,1,1,880,87d6cdb9-6afd-4c7a-9152-8c5468678de6,6bef4550-8f82-4ccf-a942-4a1b252598bc,2023-11-19
0,0,1,1,1535,4,0,1,1,175,0852f5bd-d434-4dd5-bb75-02c200dfb191,a5b64770-0d59-4c5b-9b6b-496b529e1d61,2023-11-19
1,4,1,1,487,52,1,1,1,2188,24a17d3e-8262-4cd2-9a37-03ca7cebb556,869b8f6a-1953-4bee-bdd4-1ed44fadaac1,2023-11-19
0,0,1,1,2652,27,3,1,1,9244,048aeab8-e99d-4aa9-b760-1548112fb406,ab88f139-8b13-4a88-9364-6fe7fd11344b,2023-11-19
7,0,1,1,7234,121,155,1,1,898,f9fc94b2-b02a-4488-9e23-cedbe28abe70,99e97171-bdcf-49a7-b44c-385b15362bdb,2023-11-19
3,0,1,1,577,3,0,6,6,27,fda05e27-dfb2-4701-9a4b-9adaaf169070,7f8ecb9e-7a88-4dc5-9191-f6a349a0fc9d,2023-11-19
23,1,1,1,302,136,0,2,2,59,882048da-0b9c-423a-a642-6d52a233c6c3,dd2ecd94-c0c2-4acd-8145-0a6e475a832e,2023-11-19
0,0,1,1,114,16,0,1,1,241,f3607468-36f9-4f4d-9121-354cbe9a50f1,42b86f44-2258-4569-8293-59cdaf09f2d8,2023-11-19
1,0,1,1,86,1,0,1,1,53,d7af23db-4a35-4822-ab8d-673f4b5c9499,5556403d-32b5-4d9a-8d27-e95f43255327,2023-11-19
0,0,1,1,1606,147,0,1,1,31591,6fed0799-7b7b-4f6d-aaba-d873e90af69b,d01711d5-2649-48dd-a41d-520541b38e16,2023-11-19
2,0,1,1,45,1,0,1,1,49,cf8071fb-2559-48b6-8523-1a8472625453,fc14b085-63e5-41e5-a1f4-6614204bfc68,2023-11-19
0,0,1,1,121,147,65,1,1,1729,69a7c72d-bbbc-4586-a8aa-6b4036f0bec4,a28716a4-ffd4-4cba-90c4-a2f366c3ff29,2023-11-19
4,0,1,1,185,7,0,0,0,391,8d618d0f-c7d2-44ff-bda7-b4a17047ac8e,18dc94b4-16e4-4bf7-9ecf-9aa6324f9c3c,2023-11-20
0,0,1,1,807,7,2,1,1,2515,8e87c7dd-799c-43a3-85f1-e7ea22045d90,47df2e6f-5b70-4919-9e87-e96188ec1f28,2023-11-20
4,0,1,1,406,8,0,1,1,122,814975f9-66ee-4d65-a71d-1b2433dd6d58,522bf4bf-978e-41e3-b186-a6b5e2fa9da8,2023-11-20
0,0,1,1,560,4,0,1,1,34,8036eb14-6f2c-4e41-9166-b58fef7805c0,50b73e54-0e04-4257-9753-7842bafafc3a,2023-11-20
0,3,1,1,804,77,0,1,1,3846,40965c1c-38d6-432e-aa56-e25028ca572f,2e3f071a-1f02-44f2-9884-79dc98a9edd3,2023-11-20
1,0,1,1,2333,13,4,1,1,5291,28064206-eb0a-4f65-9a71-6285ffcbf46b,d02a97c9-148e-4e7c-bddd-f3ccec8d5db7,2023-11-20
3,1,1,1,145,1,0,1,1,1245,6e5c0800-70e5-427a-a486-d20a99844fcb,f82da482-3fc0-49e5-a46d-4732957db54f,2023-11-20
2,0,1,1,636,13,2,1,1,274,acdaa120-40f9-4081-b039-6251b5ff0d69,0f141dfa-37a2-46ca-b73c-54c2d6954ebd,2023-11-20
6,1,1,1,1886,32,6,1,1,192,8e9088f3-8173-4686-8810-6f0eaa70a9a5,d35174c5-b802-409a-ba15-1e980dab983f,2023-11-20
0,1,1,1,231,64,0,1,1,654,7e747cfe-3fba-4261-803f-77068fd1a4f5,3e86124b-98d1-4887-9ba7-12985d559fb9,2023-11-20
1,0,1,1,857,24,0,1,1,436,e3887a66-6a4f-4b38-8e11-ac094be0c4e3,d25fde22-b4df-4a7d-bd2b-aeed23921d89,2023-11-20
0,1,1,1,1147,2,0,2,2,700,f3a0b7b4-d13d-4d29-be22-5fcc873b65f7,d6c9de23-5658-4dd9-8b4c-0e0a3946c323,2023-11-20
0,0,1,1,1169,65,18,1,1,15920,813a0450-1cbc-4e27-b467-41d8551d6f3c,af6bc1c8-f41e-49ee-b195-0d28c32e35b3,2023-11-20
0,0,1,1,117,7,0,1,1,1162,492e9134-31fd-4259-b254-1b37c33c8b79,07e61739-6cb9-48fb-866c-c67cd6be7720,2023-11-20
0,7,1,1,23,1,0,4,4,1507,16ced855-d763-4e3d-8535-bcb30ca0a57f,e0c7f0ff-db36-44ec-baa4-d78ce2da658f,2023-11-20
8,0,1,1,1080,321,92,1,1,2682,b2f9a5fa-0a25-4d24-bc33-da280b155f21,b170fd10-dc33-4c30-b56c-f07f6bc7efb1,2023-11-20
0,0,1,1,816,104,0,1,1,315,cf60fa81-2a31-4a7a-bb3c-264b8cc5d43d,c2607ffc-216f-44e0-b174-9c56c0e19be3,2023-11-20
5,0,1,1,180,65,0,1,1,169,ed274101-d05f-4bdd-88e1-1170abca5acd,2c5a5fbd-f511-4d89-84df-6dc8f4f59081,2023-11-20
0,0,1,1,1060,5,1,2,2,4209,b1f870b7-0590-49b5-8cc3-08462905ff3e,88126611-112d-42c0-8f79-0d83c9026c67,2023-11-21
1,0,1,1,1381,28,2,1,1,307,4682ec4a-936d-4db9-b8af-a2d477f728c8,cd27a97e-d1b1-4a5d-a70a-2b4184eaa36e,2023-11-21
0,0,1,0,257,15,0,1,1,3807,6abd02db-3359-4dc2-aba0-5a8fb9b9a285,7b6a9faa-c77f-418d-98ce-ac4ff86aa787,2023-11-21
0,0,1,1,371,200,201,1,1,3088,d450d134-4508-4081-8dfb-42bbfdc2636b,3d470ea4-7367-47bf-8cd0-d3dc33cd2384,2023-11-21
0,0,1,1,1020,12,14,1,1,2032,3f22038f-ad43-4f26-90d2-3e3fc64d1015,ecd26a5e-5b46-484e-b025-034e5cd9d03f,2023-11-21
0,1,1,1,2957,32,3,1,1,12056,44c3248c-1e88-419a-b06c-b0abafc2a250,63e3802b-a900-426d-8d55-4475246f9e62,2023-11-21
0,0,1,1,168,30,2,1,1,491,dc35b5bc-eb9d-4a64-b018-d117f91d9c0c,d1a98792-e540-4d84-813b-e285570c2554,2023-11-21
0,0,1,1,1389,510,3,1,1,34030,c4325d2b-de61-4405-beb5-6adaa7fd3bf0,8d625083-690f-4706-b583-9854c81f881e,2023-11-21
0,0,1,1,204,8,58,1,1,2161,033fc0d9-ad34-4a37-8d7f-74806424920b,2b1314d8-4f54-4f9f-80ff-25d9c11d7984,2023-11-21
0,0,1,1,111,4,0,1,1,303,0d1fbef2-519f-4729-8c95-37b030654ea3,45205e02-d0e8-4928-bd36-b6ab6328c344,2023-11-21
1,0,1,1,371,10,0,1,1,166,2009edf2-b92e-4fbe-9977-4ba8be333741,485f65ad-6c33-40ca-8097-5ea7a782190e,2023-11-21
2,0,1,1,693,29,41,1,1,2562,dd16a721-1567-4cbd-931f-c2ec78a80278,06197737-d388-4f2e-9be6-6683aae7c234,2023-11-21
0,0,1,1,192,78,3,1,1,544,410f2c70-601f-49eb-a80d-dc50c9b589c7,4a371eb4-99e8-4bea-817a-c8ea6cc0e680,2023-11-21
0,0,1,1,1,0,0,1,1,20,48e1c136-08dc-4c7f-b8b5-016f8ef305f4,eddd3749-e394-4c7a-b804-447da137e635,2023-11-21
0,0,1,1,3368,11,52,1,1,60673,5e764267-8a32-435a-9f78-caa06af2854f,b7d4ecb5-d21d-41b8-bedc-0763aa9145e5,2023-11-21
2,0,1,1,255,4,0,1,1,565,202eb3e7-4eae-4f6a-9ec7-908a82761d26,43e095e1-b2f9-4751-bc27-35808e682d08,2023-11-21
0,0,1,1,184,65,102,1,1,11125,068d6175-182a-4855-b243-5a3e0d391a7b,8d3ae457-6654-4165-8888-fc0f60be5a7e,2023-11-21
0,0,1,1,434,11,0,2,2,1518,c80fddfd-00e9-439f-979d-bbc547471b01,6890a880-06db-45b4-8fc5-8bce5ed86278,2023-11-21
0,1,1,1,371,19,1,1,1,1148,131b1917-37df-4a58-a860-123551caf3ea,09e71bbe-2771-4b75-a412-700477fa972a,2023-11-21
0,0,1,1,1087,635,0,1,1,4446,1115ca9b-18dd-4323-b8f6-c1788ec7fdf2,14e95bf0-12e6-488f-86ec-ff3db0f22d66,2023-11-21
0,0,1,1,454,39,4,1,1,9811,d2fc531a-0400-4b8b-ace8-e2aa3b1d9ebf,bd15ddde-c086-4ba5-8daa-81230f4138e0,2023-11-21
1,0,1,1,343,80,11,1,1,5827,6dc35d3d-8ba0-47a9-912d-8f48a4e70b88,3f334c64-2756-474c-b2ff-40a29efa1154,2023-11-21
0,0,1,1,29,0,19,1,1,21204,6fd35da5-5afa-4496-a151-df177663345d,2539be6f-1bcb-4d54-8854-0f3089886129,2023-11-22
2,0,1,1,403,21,0,1,1,478,1d265d9c-6887-4d71-85eb-dafb0cb3a39f,8aade386-8a85-4872-98e1-19eaf806c959,2023-11-22
29,0,1,1,603,31,0,1,1,162,6093b955-b6f8-46d6-afa8-9e16f25ce0cb,8ef59e11-ed9a-478a-9646-efa24b3493eb,2023-11-22
1,0,1,1,1243,77,0,1,1,1983,d666afbb-a1c3-4742-8dc4-064b8c81f0a6,c2c763b4-5d28-4080-ae0c-27e50fbadfaa,2023-11-22
17,0,1,1,345,513,4,1,1,264,9dae841b-08a1-44f6-aeea-b6d69afba6f1,f75e8745-0e5d-406a-b55e-b10eebce4f53,2023-11-22
7,1,1,1,726,39,1,1,1,667,e1a483b8-b475-4258-a728-c026c3f4c9ab,0f8062e8-0732-43b4-9186-03c87773226b,2023-11-22
0,0,1,1,1884,16,0,0,0,516,d2728467-8007-4c92-9c7c-ef3b24e47bbb,2500e85d-526f-43b2-8d8d-864f6af3e3b3,2023-11-22
0,1,1,1,2510,3,10,1,1,1892,9f5f279d-0e0f-42a3-83aa-1c06a20908bc,c2494ed8-b58e-4c9f-9e0b-7caa746a90ff,2023-11-22
0,0,1,1,1712,21,0,0,0,7937,2eea6f4f-ae7a-437c-9ce9-7499f12c3b4b,2c13aaca-a369-4d5e-99f2-766585b7cc33,2023-11-22
0,0,1,1,786,64,1,1,1,8849,e0cf7850-307f-4e0d-a041-741662c930bf,5c69b3a6-bb44-4414-8dc0-56ddfd9a5537,2023-11-22
1,0,1,1,430,52,0,1,1,1018,8267bbd6-ce7c-411e-871c-ffcb0fa4d497,d667c91a-8761-4ce4-a29e-879b4d24b4a3,2023-11-22
0,0,0,0,0,0,0,1,1,3996,77920300-e2c6-408e-93d7-0d5f80979130,b0f908fa-70d7-4884-b963-d4d7c5e34d1d,2023-11-22
0,0,1,1,1449,8,0,1,1,1980,86f855e7-b8a0-4699-8a0b-7f6bb5e82799,a64d954f-32ae-40e7-804a-4ebc83ffe475,2023-11-22
0,1,1,0,78,2,0,1,1,100,00336351-07be-4f0f-b93d-407290a1ef29,903a82ac-140f-4e6f-b74f-9827e611a8ff,2023-11-22
0,4,1,1,235,20,38,1,1,200,74dc9ecd-c594-48eb-aebd-4768e4919066,698f5452-0e0e-4bbc-8072-68442411f024,2023-11-22
0,0,1,1,3115,13,2,1,1,304,4687cf00-4a19-43a2-8d1b-3e7781e4a643,9d0b6cd7-62bb-4931-b7eb-a56c473d09ee,2023-11-22
2,0,1,1,349,25,0,2,2,89,72659883-47b6-4060-9a29-d0f352f2b970,463d916c-f9ff-4d48-abab-5174824a555b,2023-11-22
0,0,1,1,689,3,0,1,1,319,b2e4bd52-13d2-432e-aa66-e847bc4e42be,a9e651c8-4e83-4c8f-9982-f61a118712db,2023-11-22
0,0,1,1,134,7,0,1,1,396,9b829085-67c0-4bd2-a830-46fa58fbe7e7,c4323ddf-f368-41fd-8485-0cad902a7338,2023-11-22
0,0,1,0,367,3,0,1,1,805,8ddd8219-0dab-4184-abad-f8cf3e11bb72,4b162c68-b494-4830-ad4d-5520982248f9,2023-11-22
1,0,1,1,237,60,0,1,1,1811,8fc17280-d87f-4b93-8cb2-7a8fb16ca3dd,b4697714-c48d-4e38-9589-5933e1eccd0e,2023-11-22
1,0,1,1,445,13,0,1,1,539,d995843b-8210-408c-8ad9-868ac049ccd8,97cd268b-db08-4d12-8e7f-53a6a6df8860,2023-11-22
0,1,1,0,730,5,0,1,1,262,955d706d-6cee-40cf-b6dc-91f74a6a3bcf,b1469d8e-a5ba-4e1a-8691-b47283e3cb66,2023-11-22
0,0,1,1,988,38,17,1,1,4064,68cd16c9-a491-459a-8738-9189efb20f2e,aaede58b-ff75-4ee8-945f-4901550bc69a,2023-11-22
8,0,1,1,0,0,35,1,1,2491,e202a68e-8306-4806-a0b1-cf2ac0b3b791,80ae53bf-497c-4406-8a23-4df614fc960a,2023-11-23
0,0,1,1,907,13,0,1,1,801,bf595649-c1df-4efb-8ffb-e0306a78ba88,1e110159-b684-4ec2-9da7-656a4b6bb006,2023-11-23
1,0,1,1,0,1,0,2,2,61,b5f5dbca-efc7-4e5b-abe8-a1887e757927,a544f4a6-1b3a-4ab0-b33b-c8780b0875a6,2023-11-23
0,0,1,1,3131,76,8,1,1,10222,f165c8e3-f7b8-474a-8be2-db5f5e6d9458,7320e783-88c1-48a7-a600-4d645e14eb7f,2023-11-23
6,1,1,1,3907,29,1,1,1,360,5b5faccc-3336-4a0e-b8f9-165459b19693,bdcb7419-4eec-4b66-9ceb-bd3b066e12c7,2023-11-23
0,0,1,1,100,34,0,1,1,91,d01d1132-b5da-46da-a633-9deb9a453db0,e68db5b1-b78f-42a0-a3db-1a72dc2d5432,2023-11-23
17,0,1,1,878,8,1,1,1,231,d2b19868-b6f9-4d70-8fac-c7503688d48c,4dffa02d-efed-4dfc-b3c5-3fac03038861,2023-11-23
0,0,1,1,519,57,0,1,1,878,bf1e4fc2-c2c8-4c5c-8c50-68596a90fdf0,6c84b1ff-16e4-4c5f-acb3-3c0d27c79b3f,2023-11-23
3,2,1,1,1141,14,0,1,1,52,158b1b1e-cb75-4df1-b9ad-b567856d2386,2f283135-206b-406a-8f74-c66988eae33d,2023-11-23
0,0,1,1,62,2,0,1,1,132,3762b48a-1e6a-46a9-9d75-c3a251a423fb,ecd4f386-bfdf-49bf-98e0-980b7efcde37,2023-11-23
0,0,1,1,1100,89,0,1,1,8660,53a6a8fd-c5bc-4a18-b1d2-b82a7efd0a79,b79e0ca2-68be-4ae7-a634-260e6165828e,2023-11-23
8,1,1,1,160,150,0,1,1,63,a5876e82-d934-426c-88e0-2d6494d62bbe,2edbfd52-0290-4b13-bd61-db6a37c45f8e,2023-11-23
7,0,1,1,188,242,0,1,1,453,2b591aa1-61b4-4b8b-a630-4264ccadc95a,990b6bda-9a43-4e41-a278-7520c6c6a2a6,2023-11-23
0,0,1,1,103,49,4,1,1,382,ecd92def-02aa-4b03-a9f0-8ddff503a4f3,f5623d83-2aef-4395-841b-aed9f5dd6545,2023-11-23
0,0,1,0,245,22,0,1,1,336,4df5c763-24ae-4d48-b0d9-cbff9de3dd2c,fd7aabec-9fc5-44c0-9a3d-cc25a3920069,2023-11-23
0,0,1,1,1821,77,2,1,1,11719,b26ffebc-8d2b-47a6-b450-1ae158a1ca5b,f0c4a5fa-f165-4186-8f1f-5ec3a73f5dbe,2023-11-23
6,0,1,1,1450,28,0,1,1,534,2616f37e-9c7e-414a-ac2a-3454ac10cf94,8a6a768f-883c-4136-988e-da3aba9e1c0a,2023-11-23
3,0,1,1,3536,5,0,1,1,90,c69bde2e-49ee-48a2-8ca9-9a78282cdc6f,d80cb0cc-0b64-4289-abe8-fd9b49b1e9ba,2023-11-23
1,0,1,1,96,41,0,1,1,211,4783297f-cacf-462f-8378-9f95f41ada0c,647566be-2b3a-401d-be01-a6a4c068a162,2023-11-23
0,0,1,1,1390,54,8,1,1,3012,34c7c2d5-4a41-44e0-9230-1ac5de615648,1bd2f4fa-0017-48db-b9ac-920e59b26435,2023-11-24
17,0,1,1,729,45,0,1,1,134,0bbd46f4-be3a-42fd-b355-84b7b4fb00fe,cf721b38-a165-4b24-9f77-ea908beace94,2023-11-24
0,0,1,1,3548,2,1,1,1,5312,5f560d7d-00b5-46aa-b16b-8a5e237f3e75,fa85e400-d247-4761-ad78-2dc17e18b9b5,2023-11-24
3,0,1,1,2580,12,0,1,1,3820,20259d10-9b37-4f35-b45d-60255ebe4534,1b6f50d6-84b7-4f9e-892c-d683d904ce7c,2023-11-24
10,0,1,1,698,223,31,1,1,1393,2c158896-8d29-4821-9374-e0b89ddc82c7,3634913f-d9d3-4822-b776-9f82b58a8084,2023-11-24
0,0,1,1,7088,20,45,1,1,17943,3b3d4151-b00e-4867-943b-7dff916a0d38,6d4efc1e-7474-427a-ab7e-a3ef78f6d0af,2023-11-24
0,0,1,1,896,15,0,1,1,2757,b224a98b-dd4f-4c99-87b5-09c6ce878092,6be326b5-3652-4cb5-be0e-f1f9404cfeb2,2023-11-24
0,15,1,1,0,0,0,1,1,73,1f844635-0e3a-475b-a4a9-62a7545b0b57,b08daa98-d8e3-4fb3-94aa-26a8f0d8ef4a,2023-11-24
2,0,1,1,2819,10,0,2,2,1306,cb647d3d-5866-4521-b8cc-ec3be4a17f61,9979a6c6-0406-45c8-8e92-bf43eafefd9a,2023-11-24
11,0,1,1,329,52,0,1,1,325,a104e62e-7f62-40cd-bb77-b9ea01bc7786,e9cddd07-f905-475f-8e83-294dbc3b2df9,2023-11-24
0,0,1,1,866,12,3,1,1,3530,4e81f257-8937-42a7-ba6b-35641efce487,68166805-e399-4574-8116-052ad298795b,2023-11-24
0,1,1,1,507,21,0,1,1,410,c9bb9270-0f34-4c34-bd30-fbf9d0925ffe,8d078569-339a-4e49-8cf2-41cc13092a0a,2023-11-24
0,1,1,1,173,32,0,1,1,254,fded5ba5-aedd-45e0-a79b-26b02f004c06,670cbc18-ffb3-4f9f-91f9-1124bad91871,2023-11-24
1,0,1,1,374,101,0,1,1,1177,a3ebf3b0-0c8d-4325-acd0-ec46aaceb755,8d132d9a-581e-4008-b529-931bf5c2475b,2023-11-24
0,0,1,1,278,266,16,1,1,9605,9dc1cd07-9a21-4494-aa7c-7e691bad0860,ba0648ce-9a01-4d75-9eda-b4e98a14567b,2023-11-24
3,0,1,1,222,41,36,1,1,568,3b152a09-114d-43bf-8dbb-0f4817e3a06d,332375c5-efaf-496b-8b7a-8e0c953cf2d6,2023-11-24
0,0,1,1,107,411,0,1,1,1679,f1bd446b-10da-4318-b2af-0a49e8c23e6f,93a37cad-60bc-490a-9722-acc9dc98032c,2023-11-25
11,0,1,1,4846,27,4,1,1,583,b99b30c6-8763-4141-a776-9d57eb279ffa,e1e25c0f-c820-4798-8f6b-196c64936e40,2023-11-25
1,0,1,0,49453,12,0,1,1,31216,72c57b81-6d73-4252-bf19-10655418f2fc,3909287a-d2ea-43c2-9c7a-0dacea3dcff0,2023-11-25
0,2,1,1,387,28,3,1,1,101,bf0eba60-15e7-48b4-ab88-e72deb9beaab,c0e4e1cf-52cc-425a-bea1-de3aa6111fc0,2023-11-25
0,0,1,1,96,24,17,1,1,245,524dc077-3242-48ab-909c-be07038130a6,3ddba45d-2e82-470a-b323-dd65d03507f9,2023-11-25
1,0,1,1,204,27,1,1,1,1246,837e978b-ccf3-49dd-a0be-ac2fa2598fec,268595e6-7ed1-48a1-8bbf-2be2dbc44fbd,2023-11-25
0,0,1,1,1592,22,13,1,1,9018,565b20ff-939b-4212-801d-cb346f5d8fdf,45e3173d-50f7-44be-9017-7aedc709574f,2023-11-25
8,0,1,1,1711,36,15,1,1,2030,98cf3d53-1542-40cd-817b-f1f40d4ee72b,dbe80ed0-12a9-42f6-9780-363cbef6cfab,2023-11-25
0,6,1,1,313,46,0,1,1,0,b853d6d2-0ad5-4cec-ae10-188f1a359da9,71e1f1d9-bb85-459b-8ae1-b9331ef9856c,2023-11-25
0,1,1,1,169,14,0,1,1,119,4df7105e-429c-431b-b4fc-0ad6d1c99942,f84fc0d4-2560-4851-835f-9af5a8a0f542,2023-11-25
1,0,1,1,1055,89,0,1,1,1427,7047e219-1b99-4ceb-ae69-dee4b01f18be,e9669374-b07c-436c-861f-253a24359eb7,2023-11-25
0,0,1,1,9945,160,0,1,1,51498,700c7b06-a48b-40b6-8e96-ed3e9581c975,fbcf3ddb-098d-4dc4-9460-b32d2e178fc3,2023-11-25
0,0,1,1,161,75,2,1,1,7629,3ee96fc0-2610-4a4b-b84b-135a3e45e2e5,b5cb38a0-1dc7-4bf9-a217-6aa105f80c18,2023-11-25
5,0,1,1,1061,66,17,1,1,419,2627283f-3f50-4eef-be37-23660fb652bc,331a5d97-38fb-4fdd-b998-3b7ffc34646b,2023-11-25
0,0,1,1,2808,31,6,1,1,2567,d5b8e3e1-e846-47c8-8463-34c114624fd3,97719d9b-4a25-456a-94af-274f320ab6d2,2023-11-25
0,1,1,1,1145,168,7,1,1,2105,2ebe5bb0-5c72-4344-8f30-7efc63c7ccd9,97144bf6-ed2e-48d5-bc5f-8d52483b34e7,2023-11-25
1,0,1,1,135,28,11,1,1,1121,c9707ce7-c4ba-4b65-894c-6efbeaf25324,aec8bad9-d235-4b38-910e-de8169b19959,2023-11-26
0,0,1,0,261,35,2,1,1,4,2bf4e210-77fb-449a-9218-4447a11bbc03,467a319a-a6f2-4af8-b232-24a5c3326ce1,2023-11-26
0,0,1,1,568,4,6,1,1,3237,5dc529e9-8976-446f-afe9-931fd94ed8e8,a25f00c9-8d12-42d4-bd37-c9bd182fc0ff,2023-11-26
0,0,1,1,1077,30,3,1,1,1569,ba6dfbc7-f9de-4ce9-8ec2-3602026070f7,818f565d-9544-4aa5-9562-e214294f7787,2023-11-26
0,0,1,1,0,0,25,1,1,2168,6a0d9945-6b0e-4a03-93ee-f175a094c5ed,e7b62b92-bda4-4554-abfe-7e9fb374bea9,2023-11-26
1,0,1,1,959,15,11,1,1,8547,d560cd4c-fa34-426f-9a72-bba889163323,ac8d4b40-92d2-4695-bd36-746239194568,2023-11-26
0,0,1,0,756,3,2,1,1,705,866fbde4-45e5-4f0c-b231-0b78cfa4fa48,0ae57aca-af6d-469a-93ac-d1dbf38384b3,2023-11-26
32,0,1,1,689,71,0,1,1,201,b39aa09b-895a-4e43-83de-6de031036f8c,b01f781e-0c46-4ccb-9dc4-5541ce7f37ad,2023-11-26
0,0,1,1,289,9,0,1,1,547,0419efea-5e1d-467e-9c82-9497eca07418,cb2371ea-1012-42b5-803d-de63d1138da0,2023-11-26
0,0,1,1,284,63,1,1,1,196,9cbeb5af-3b6f-461d-9a1a-c1626b3c0ccc,1cd6e509-bb3f-4792-99a5-b68c17e06a72,2023-11-26
48,0,1,1,271,75,2,2,2,67,2ff3651a-3d73-4515-a4ef-fa4fc5313534,612ebc0d-559d-4871-bb21-a7f03bfcc1b5,2023-11-26
1,0,1,1,150,120,6,1,1,1293,6f8effcb-0854-435e-9665-e264f655e2c4,226cba09-24b3-4b2b-a02b-b1919ca5acf5,2023-11-26
0,0,1,1,188,9,4,1,1,130,85068810-4ed9-4d08-8be4-48da15aacc9b,867db726-c53f-4f18-918a-727027d69df4,2023-11-26
1,0,1,1,219,26,0,1,1,197,a0611956-dabe-421d-b32c-bcb47554ace7,03f89391-3297-45d3-a858-d20649044981,2023-11-26
0,0,1,1,259,28,0,1,1,490,43d8a6b2-9ec7-4180-b26d-9c15bc4909a2,e9a1180c-0134-4ae1-9e90-94a6652f23ca,2023-11-26
0,0,1,1,1056,32,20,1,1,4463,0b47c965-5e4c-4823-b5d5-26efbbca925f,d0bd3317-de92-4b85-a8b0-990d25a3540b,2023-11-26
2,2,1,1,789,49,2,1,1,193,d539bb8e-983e-4a78-a6b4-70e827519201,18f3a4a2-e106-4837-ab5a-5ba1c2c445db,2023-11-27
9,1,1,1,248,57,0,1,1,112,0d900bdd-4eaf-4748-b234-baabcde7a8b0,dd42f95f-3a81-4f55-a27e-770b85d1ca32,2023-11-27
4,0,1,1,474,51,0,1,1,307,0c1fe258-8c12-4dd1-9b6b-da321ce72e5c,7dc0aaa0-76fa-4291-818c-b2995ef4c7e0,2023-11-27
0,0,1,1,0,2,6,0,0,9889,af9ce04d-abd3-437d-9805-67bf629dd164,b296e4ad-b75f-44f4-a3db-6a9ed4722073,2023-11-27
0,0,1,1,104,190,0,1,1,212,d7650cdb-2f86-4f14-a686-ee3c472d5eda,715ea4b5-6095-4301-86a3-f795a9e41bbf,2023-11-27
4,0,1,1,1220,36,3,1,1,481,942e8f78-90ee-4dde-a416-e0e8bd753700,828c6187-3ece-4dc3-967f-7dfaa42c7083,2023-11-27
1,0,1,0,6766,54,0,1,1,3626,c8227d1d-b706-4665-b85a-832e2b388371,f81e7d74-1c73-46d4-90d2-6e56825805d8,2023-11-27
22,0,1,1,447,75,1,1,1,162,40f7f53e-b6cd-45f7-9cac-63d3b232d2b2,9b420bf9-e00c-4055-b99e-74ed383d8c71,2023-11-27
1,0,1,1,39,2,73,1,1,548,0ecbbd16-d157-44eb-be55-f143a2be2230,2b5ac04f-0f5f-4172-aa2a-b04f7b47a047,2023-11-27
0,0,1,1,1955,9,21,1,1,3423,c1a818b5-6ed9-4d54-93d4-1d95ab974383,cdf2ec6f-bbf9-455c-ac89-b62b6290115c,2023-11-27
0,0,1,1,9801,2,111,1,1,12078,909f358a-316e-479f-8ac7-7b9440591513,f0a8138a-2ade-4c72-84d3-2cb37fcdbc8b,2023-11-27
0,0,1,1,2387,146,21,1,1,18801,c77fe33b-ed39-4ed2-9ffe-6396a161d377,4253fcab-531f-4446-a2f2-2340ec5d608c,2023-11-27
1,0,1,1,170,10,33,1,1,585,2b167cff-0d39-4c79-941f-5293c2bea0c2,2d0f5c3e-10a6-4e9b-8253-204dafc6924c,2023-11-27
2,0,1,1,2470,9,5,2,2,5623,db98ab63-700c-4ae6-9ba6-836decc0d65a,1157e9d0-e78d-4939-aeab-1153e823c1ba,2023-11-27
1,0,1,1,544,21,5,1,1,2740,b74414af-5ce4-4677-82cc-6a1b706bf097,928afc75-7957-4edf-9a93-907d6cdca6e7,2023-11-27
3,0,1,1,242,17,0,1,1,16,51ba68a3-3fbb-45bf-a732-7793956d1888,810a53cb-2d67-4c75-96a9-89e701b92a41,2023-11-27
2,1,1,1,2338,63,5,1,1,274,779fe22e-c4df-4ba8-a04c-5542e1086970,debfea36-6e4b-4b7a-83d1-69cd90a34654,2023-11-28
2,0,1,1,579,5,0,2,2,1000,4185e266-37d8-4b94-ba06-669bd28a0cb9,82c055d6-8e5d-4456-b208-e7d5e9284a5d,2023-11-28
0,1,1,1,201,66,0,1,1,620,583da97d-aad8-413e-9a2f-7096a5745289,c4cc2687-57b3-4d44-a68a-8078dfd699ba,2023-11-28
3,0,1,1,904,51,0,1,1,1567,0a41d559-0263-4d82-9109-28c92392a102,2bc09d00-9d3a-4a6c-95d5-3f8a7089fbe1,2023-11-28
3,0,1,1,1355,35,0,1,1,782,0eb63491-c58b-45da-a739-d34bbb4b3bc5,0597c3d1-16bc-47f9-88cd-4ad702baa7ef,2023-11-28
4,0,1,1,320,113,0,1,1,1391,ac5913ba-c21c-4b75-8cd1-db4ed04fee6c,43af0930-ce2e-4c56-b01a-e95ba4c62093,2023-11-28
1,1,1,1,2275,4,0,1,1,2040,09bd298b-6957-43a7-b0cb-45675d51b5e3,01726a4e-3810-4dae-881d-9acfa69bcc53,2023-11-28
13,1,1,1,1325,34,0,1,1,208,c0d4d47b-24a5-40c6-aff6-d570d2c3cc18,ae09c020-404a-458a-92ef-ea0b2709e6c6,2023-11-28
0,0,1,1,81,4,0,1,1,327,cdc51348-922f-4f86-832a-416feeed7e3e,07e8d14a-3c2d-46fa-ab39-2c7348c3045a,2023-11-28
0,0,1,1,841,8,0,1,1,52,5e9de492-2691-47e9-9d77-cec4f5f92138,3af5a21a-2856-4f57-b184-35448ed5773a,2023-11-28
0,0,1,1,3736,78,7,1,1,15431,22f8ae4d-0f48-4f61-9de1-2ebf2da4c44f,11ca9b99-de03-450d-bccf-048384105b11,2023-11-28
0,1,1,1,178,100,0,1,1,848,863995a6-3775-4ba8-8833-d32743bd30d5,03487754-0f45-4740-8677-f6df0e282caf,2023-11-28
2,0,1,1,382,59,3,1,1,798,84020516-f235-47be-bc68-9ec117ec6c64,0bd956fe-6397-4594-b571-2e74369cf01f,2023-11-28
0,0,1,1,2494,26,22,1,1,14400,cbeb6d04-82c9-465f-8a79-e4e5e558dc14,f2d27940-eae4-46f0-8301-66be3bce0cc7,2023-11-28
2,0,1,1,2271,125,1,1,1,3822,2621242f-2738-4bd8-ae52-0adfcfffe555,5f49f678-8ba4-4e5a-8954-8caa7fc22f36,2023-11-29
0,2,1,1,238,58,2,1,1,298,8f8dd0bb-7f50-4ad7-b68c-015ec70e8b53,bf079c20-4920-4153-8896-5b4184fb675c,2023-11-29
2,0,1,1,251,58,12,1,1,264,aba28f60-c6f0-4499-afb2-e12edad7a4a9,c45f676d-0ef4-4cbe-819d-aa0ee9dc0f27,2023-11-29
0,0,1,1,411,76,31,1,1,2643,1133ec3a-b276-446f-8870-910968bd5f02,dc78fb40-8919-443e-8060-6fa085344890,2023-11-29
1,0,1,1,430,61,0,1,1,1616,4b666490-dd98-49d5-adc4-f84dae662db7,6559f86d-92b9-4497-9286-950f61c26d65,2023-11-29
0,0,1,1,0,0,15,1,1,7337,d0c61ac2-ff85-4a77-9170-eb2c3764856b,ff146483-7645-4974-80ed-5d3487b5c671,2023-11-29
0,0,1,1,498,9,0,1,1,222,1ffa41f6-9427-435b-bdbd-4214bd2c0a63,2cb0010c-1657-4865-99f5-79e9e5fb2fab,2023-11-29
0,0,1,1,239,500,8,1,1,8446,e286a872-e57d-4060-b377-2ccb6ec76aa1,c7da654d-5fa6-41a8-a743-6232cbf4063a,2023-11-29
0,0,1,1,347,111,4,1,1,1536,ee717129-48fb-4f80-8524-15937315fb4c,d06e822a-aebe-4832-9f26-84e9f6daa01d,2023-11-29
0,0,0,0,0,0,20,1,1,3629,5f755597-c13c-4c6b-ac21-e73470ac8750,e0d5941f-10ce-45e3-999f-835d445d900b,2023-11-29
0,0,1,1,11062,86,4,1,1,50374,c20a7193-1b75-4cf0-b331-0707ac4ab92b,4e26eb20-839a-4b60-810b-3c11eb847e83,2023-11-29
5,5,1,1,188,111,0,1,1,144,ab16efd2-a95d-46c7-84d3-18f733f9b2ef,717ceec9-eb7f-464a-9fb9-3e7d150599fd,2023-11-29
1,0,1,1,419,67,9,1,1,556,48708bea-52e6-4d12-bf68-10fd141e016a,a66d33fc-6af9-417e-be37-6520ef7b23ae,2023-11-29
0,1,1,1,219,36,0,1,1,1934,3b771e11-9a48-47d7-9c50-fdfef46d0942,019bdfb1-498b-4cac-bdad-d196587bd701,2023-11-29
1,0,1,1,342,4,0,1,1,90,df3aa81e-7abf-4de1-8071-17c72f97a28d,0ad40a57-6221-4eac-aa33-c176ad681ade,2023-11-29
0,0,1,0,590,13,0,1,1,1822,3cff51d5-44e3-4261-a191-7c021361865b,46b3f7cc-79bc-4d73-ab3b-ba5a70b4c9a0,2023-11-29
1,0,1,1,403,43,0,1,1,7302,bbcea6cd-7863-4cc3-ae35-a407fe69ddd0,e7b78d82-440b-4421-affe-08bfbd8b7437,2023-11-29
0,0,1,1,7287,8,2,0,0,35671,575172dc-4c34-491b-96e6-6de337c66d6b,cdd659ad-415f-4e68-93e4-c524e866c521,2023-11-29
5,0,1,1,204,8,0,1,1,157,198c95d1-10d1-4e15-82eb-c526fbbb92c8,00ba7228-ba73-4200-86cf-4f38368eea35,2023-11-29
0,1,1,1,256,39,0,1,1,2912,b1d39419-5122-4cc4-8f9b-45f2e4c69cbe,01cca8f0-5630-40b5-99a9-627e1cb9b37d,2023-11-30
1,0,1,1,1050,43,12,1,1,145,f4aadc06-1c1e-437f-9f6d-96e4c7d5493f,95a78422-3dc4-4c61-b381-c7faf651b1b6,2023-11-30
11,0,1,1,222,53,0,1,1,558,01af27c0-bcb7-46f3-864d-f1cdbdc9c352,5862e711-4996-44a8-a007-0f55f9b7cccf,2023-11-30
3,0,1,1,1197,36,0,1,1,1005,849c0def-6207-4b15-bb27-782e9230ea7a,4d9df539-80a3-4d3b-85fe-a4951c05ac1f,2023-11-30
0,1,1,1,49,0,0,1,1,5,87e07185-58ae-4b04-a47b-58195ad044ed,530a64fb-cab6-463a-9c41-42c51058d93e,2023-11-30
0,0,1,1,377,17,1,0,0,1437,9b79df3d-14d6-4e23-a69a-10c583c02509,724de95d-4c3b-4b2c-9f98-bf8be061ae90,2023-11-30
0,0,1,1,321,3,0,1,1,6357,f5807400-a8f9-4798-98ef-8350e2988d38,a8006999-e216-49f1-9238-e6eb62f48985,2023-11-30
1,0,1,1,555,17,76,1,1,1063,a258c528-95e9-45e3-aea7-90f57de9e42f,a46f0b3f-41cf-43ea-91cf-4a75382d3933,2023-11-30
1,0,1,1,3331,102,13,1,1,16834,09a38ddc-0782-4946-9bea-53f8fe92e0e0,98cf467a-e620-4ffd-ad94-71ef916ad7b4,2023-11-30
3,0,1,1,725,35,4,1,1,2120,4fcf36b8-09dc-4067-bc63-1c662b0a7d0d,f735a92e-f364-45ab-bbb5-53db59a325b4,2023-11-30
0,0,1,1,1189,90,0,1,1,1703,848d6d97-31f3-4764-97ae-1ba8e5427eb9,353e67b8-1f69-4695-8103-d961bfdf13df,2023-11-30
10,0,1,1,8501,25,2,1,1,2163,cb9f6724-7a7f-4185-95ce-a733ee99bc07,0884a02f-ce50-480e-9bd1-50c5da8c84dd,2023-11-30
0,0,1,1,2986,216,207,1,1,12495,1c31fa16-e27b-48a0-9e4e-812fd5d6f37d,51b8eb59-3e93-4271-a791-3718671ececb,2023-11-30
0,0,1,1,226,709,30,1,1,1313,0e83a9c5-d9c7-4789-9017-d561dd24e277,bada55d1-e3bd-4d29-8428-84c324de1a62,2023-11-30
0,0,1,0,1326,55,1,1,1,10832,ccb368b9-ddee-4dd0-bbe9-18a42ba5f0cc,3a4a53ab-a1ab-43fd-aa3b-d3e0451fdf60,2023-11-30
4,0,1,1,183,27,0,1,1,86,cfe110bb-1d20-4365-a7ab-d7562d0cf994,96083084-529e-46f1-b4d0-fe9151587cbf,2023-11-30
3,1,1,1,1143,24,0,1,1,2358,6ba05959-4b6c-4b93-a20b-b6bd90f1e3ae,420fc948-1166-48f4-9b6a-e6b72a97a8a6,2023-11-30
2,2,1,1,2137,46,0,1,1,1211,0ad790bc-7071-481c-9e00-d8deab19cf9a,bab2e731-5dfb-46b6-a948-dbee27545cfb,2023-11-30
0,0,1,1,326,18,0,1,1,994,2ea49dfd-9af6-4aa4-80e7-2916292a92b1,041ab0b5-7c1e-47c7-bb16-7da38cdc9c11,2023-11-30
