BUSINESS_ID,RS2_SCORE,DEFAULT_PROBA,BIN,DECISION,PREDICTED_FPD,ACTUAL_FPD
b2c7a4ce-b83d-4e0f-b332-bcf264e9ea82,881,0.119,5,approved,0,0
4e00b805-d689-4acb-81a5-87860157a897,997,0.003,5,approved,0,0
46ac9c40-6d9c-47e1-8348-735b9a50048a,686,0.314,5,approved,0,0
4bcc781a-72fb-4dcd-aa4e-1ba391a423cf,800,0.2,5,approved,0,0
403fe819-1a89-400f-a04d-1d4543f16e97,804,0.196,5,approved,0,1
c3f74d67-49db-48cd-bee2-c1f9c6b718e7,910,0.09,5,approved,0,0
f4dbcd4d-40f6-45cb-b3a2-e5105265babd,637,0.363,4,approved,0,0
54422f9e-fedc-4bbb-9022-172b509cdb0e,849,0.151,5,approved,0,1
5d2ae11e-c334-4289-88a5-dc34f64cdc53,567,0.433,3,approved,0,0
ab034bf3-6f04-4329-818b-f7068db9bec1,892,0.108,5,approved,0,0
3a29e336-b97d-4c4d-bebe-e91684844515,590,0.41,4,approved,0,0
55376fe7-e2c4-4468-861c-ef8baeedbfb8,544,0.456,3,approved,0,0
9a4dbc35-c5c9-49be-bdbd-44ab152158d6,753,0.247,5,approved,0,0
37e98072-76d3-4ea2-8a29-5b13ca253dd0,997,0.003,5,approved,0,0
c75df2f8-cd68-4c74-a5ad-a2ad9bc5ab1d,527,0.473,2,approved,0,0
c5a6f0f7-f132-48a0-96df-c6c41fcd87cb,605,0.395,4,approved,0,0
8a67470b-ba91-498a-b0b0-522902a6f714,591,0.409,4,approved,0,0
b67f542f-14ae-4907-af19-6829467cd220,845,0.155,5,approved,0,0
2a4abb5e-75fe-4d5a-8acc-e4102bb31e50,916,0.084,5,approved,0,0
3cfac805-70ff-4c98-b123-24ea11db0b71,621,0.379,4,approved,0,0
81bb06a5-41e2-402a-9bd7-9bbefabe5722,650,0.35,4,approved,0,0
d16377e8-3754-4802-ae2e-8a050eaab420,412,0.588,1,denied,1,0
95bf72af-d94d-48aa-97da-0ae12b2b5cba,890,0.11,5,approved,0,0
3435a44d-e715-4372-8613-923c64b72d06,746,0.254,5,approved,0,0
b1f8dd2b-a953-4814-9b2b-e44675c17b1c,746,0.254,5,approved,0,0
1332dca9-4765-4e82-9f64-bb73e60ee317,829,0.171,5,approved,0,1
b125a281-736e-417e-b9ae-7d9d96c16bf9,677,0.323,5,approved,0,0
69523c20-63a3-451e-ae42-1e7f92ac1f54,992,0.008,5,approved,0,0
b3f45fc6-c98f-4729-8ad6-fbebf9d81325,610,0.39,4,approved,0,0
c806e19e-e68a-476d-bee4-9ddc8a8a9776,912,0.088,5,approved,0,0
c5c9488b-881c-459c-a2c9-6173187d511e,820,0.18,5,approved,0,0
dcb354f6-b249-4da4-b1bd-81637070c3f4,814,0.186,5,approved,0,0
f287f9e1-1159-4509-bd4f-9e0fdfb8fbe7,717,0.283,5,approved,0,0
37d83556-6904-416e-bedd-6b6100d6694c,781,0.219,5,approved,0,0
5421385d-6ce2-4110-9de0-022cf40cdda5,648,0.352,4,approved,0,0
1dc3e5f8-5e45-4cfb-a5b3-f9ecb9521a03,682,0.318,5,approved,0,0
07efc63c-3e47-4fa5-815b-27233000ed78,934,0.066,5,approved,0,0
5abb6b7c-0b68-4220-a715-9d76a9cca3de,686,0.314,5,approved,0,0
00bf995a-0c63-4213-9673-d3a000e4f4a3,557,0.443,3,approved,0,1
7fefba40-153c-4bdc-b8ac-86d681d88579,682,0.318,5,approved,0,0
0ab703fc-1f47-4b6e-b9b9-10fc8cf3fd71,727,0.273,5,approved,0,0
0da49997-f569-4633-b17f-da43d312fc64,813,0.187,5,approved,0,0
3378f51d-6298-4820-9555-939641d5a850,548,0.452,3,approved,0,1
2658cdcd-28c4-4460-9634-b1a6442a03dc,853,0.147,5,approved,0,0
5a196628-8053-4185-928f-77f63f15886f,998,0.002,5,approved,0,0
3754cacc-128b-4bda-8b3d-d27a76560bbf,989,0.011,5,approved,0,0
76e59ea8-6155-4bad-b83e-681b1ee4000d,701,0.299,5,approved,0,0
838587f4-e5e6-4861-896d-876f74c07279,563,0.437,3,approved,0,0
2f81d20b-8697-4ee3-a7e0-6cc5fda74ed5,735,0.265,5,approved,0,0
2e62f0d9-28d7-4d3b-9606-7999489d9fcc,604,0.396,4,approved,0,0
5a94a661-d8eb-4e36-898a-db1f2f23efbc,492,0.508,2,denied,1,0
7c0c5170-cdd1-494f-9dfc-6872aa396353,691,0.309,5,approved,0,0
88935fb3-0c9c-4ef1-b2b1-ccdaf94fd11b,589,0.411,4,approved,0,0
2e82396d-9014-42c3-85b2-5bc24a374a2f,784,0.216,5,approved,0,0
ae18d22a-3f99-47ef-8467-51a5aa371154,728,0.272,5,approved,0,0
d5e1db90-3d9e-405e-92b9-8f9ac410834f,818,0.182,5,approved,0,0
434ad1a3-f8e7-418e-98f5-24e774258204,878,0.122,5,approved,0,0
8d2ced34-069d-4adf-998e-1a37c809a6af,766,0.234,5,approved,0,0
84b3fc0f-3088-4c7b-8e08-95b805692ad5,870,0.13,5,approved,0,0
6c088658-8259-404b-a2f6-219d271d3aaa,733,0.267,5,approved,0,0
623d4577-8472-42c5-809b-1d72d8625b8b,572,0.428,3,denied,0,0
bd95f76c-b9c9-4594-b2b4-c6daa1841a85,957,0.043,5,approved,0,0
1d33a47e-f784-48d5-b5d2-4febee80fbc2,786,0.214,5,approved,0,0
3a1cb1ac-b54e-4cfd-bbeb-f58a7edc2d4f,877,0.123,5,approved,0,0
c3199231-bcc6-4c78-9423-d75a5237d5f4,752,0.248,5,approved,0,0
29d33c2b-a7be-4bd2-8978-aac33966a3c9,611,0.389,4,approved,0,0
914df072-2067-49e3-a516-bf97e2959fd4,624,0.376,4,approved,0,0
7f6308a5-c1bd-4d67-afff-4ca1de634846,590,0.41,4,approved,0,0
24af8231-db1b-4668-893d-541340a9ac49,581,0.419,3,approved,0,1
16b49c38-6c15-47a8-ae83-3e482ac799e5,729,0.271,5,approved,0,0
aaa76b70-e929-4d97-9e48-e90778384ec8,606,0.394,4,approved,0,1
be7acd85-232a-4181-ae68-cb9a14964706,755,0.245,5,approved,0,0
a4d9b6f1-7617-46f9-8de6-6374a3017e54,608,0.392,4,approved,0,1
9fa5af64-2d8a-4088-9748-76589b10543e,617,0.383,4,approved,0,0
4b8d36bb-4f0b-42aa-bd2f-fddf35780534,789,0.211,5,approved,0,0
8b7819b0-256a-4461-9eec-b5527450df1f,951,0.049,5,approved,0,0
ad8f294f-6004-40ae-b501-d3b19c2f0b00,658,0.342,5,approved,0,0
ac722109-abd8-47ee-9530-2cae5d8b5ec7,833,0.167,5,approved,0,0
1b106653-e540-4504-8569-96872f692817,817,0.183,5,approved,0,0
54850c6a-3b43-45b4-b984-c4aa4d8256a7,762,0.238,5,approved,0,0
9b3ee067-f121-4c19-8843-bc34c3b0ca7d,696,0.304,5,approved,0,0
2957dfa9-c717-48a6-98f5-1f02541e3751,640,0.36,4,approved,0,0
e87e2993-8aa2-4000-b5c2-6bcd76bab3f1,699,0.301,5,approved,0,0
21678f69-7202-498f-a79a-c708eb5abeae,539,0.461,3,approved,0,1
ef152d4f-9d23-4bad-8552-89a76494c33a,790,0.21,5,approved,0,0
199cbed0-e1bc-4096-b215-9c0694062d89,932,0.068,5,approved,0,0
21a5af42-e41f-4f43-bdaf-ab1704a17444,772,0.228,5,approved,0,0
caba0cb8-96c9-4c10-a042-47ab6db39332,800,0.2,5,approved,0,0
b0ee38ad-2f6a-4810-8d7e-405bc26bd899,878,0.122,5,approved,0,0
fc1f8ebe-73c5-4e6f-aed1-6e55afd4e953,854,0.146,5,approved,0,0
5d603b15-bd61-45fa-9cb1-ade02b4b30da,578,0.422,3,approved,0,0
379cd33b-e2dd-4e97-a933-e08e4d1fb133,606,0.394,4,approved,0,0
0da99716-d366-482e-9890-08dd33e5bd19,595,0.405,4,approved,0,0
fe80dd78-9754-43c7-bce6-f9f557f7fb31,594,0.406,4,approved,0,0
d46ee9e7-ae09-4326-99d2-65e144c232d4,563,0.437,3,approved,0,1
42cda068-9eca-4939-8df5-637f21fb11b1,711,0.289,5,approved,0,0
86aa3cbf-39b8-4381-9ed3-b2997c2e6cd1,595,0.405,4,approved,0,1
c73f355c-fb2b-4875-9a0a-2ccd4d2db2fa,679,0.321,5,approved,0,0
9dc601c4-822a-4270-a9d3-2e02877ef9a0,599,0.401,4,approved,0,0
286c8c97-a068-4240-9486-da946ede49d1,643,0.357,4,approved,0,0
ae609346-9e2a-4bc3-b806-0b34196f739a,345,0.655,1,denied,1,1
07571fcb-ba17-4e0a-a927-b4a4e81aa5fe,768,0.232,5,approved,0,1
2005e603-43e6-4198-8f5f-e9ac12f4837a,785,0.215,5,approved,0,0
72f10733-2467-4368-b27a-fdb969438623,634,0.366,4,approved,0,0
b6398e52-5930-4d55-9b0c-d067e9d4ebba,648,0.352,4,approved,0,0
9204cd71-ed1a-454f-b5b0-c95ddc8c8bff,607,0.393,4,approved,0,0
929e8b35-41f9-4046-a787-25f1c7e25abd,872,0.128,5,approved,0,0
3e2d0847-770a-4a2a-b0fa-970ae7c971c0,549,0.451,3,approved,0,1
0feebcf0-4e46-46fd-b8c9-dd2d81f2f339,699,0.301,5,approved,0,0
fea17ae8-da47-4054-92a0-64dff868a8da,906,0.094,5,approved,0,0
32d609f5-e6fb-4f23-918a-542009d8730d,664,0.336,5,approved,0,0
aa294b97-a7c7-4131-8b1f-f590c4b1813a,757,0.243,5,approved,0,0
24806415-70b5-430b-9778-ad16a9ff6bd4,737,0.263,5,approved,0,0
b6f5328b-62e2-4b3b-a8cd-427bf21e3d9d,725,0.275,5,approved,0,0
49a4f8ed-834b-42bb-889d-b42b3e263daf,675,0.325,5,approved,0,0
6e1414a2-d5c0-44a5-891c-0a976caed5a7,932,0.068,5,approved,0,0
832a396b-3968-4bd4-a939-d8c2aec14260,670,0.33,5,approved,0,0
2c26fcfb-c64d-4c5c-9fe1-92d04db67118,538,0.462,3,approved,0,1
eb31b316-632a-4a99-ad28-cd7a468f109b,583,0.417,4,approved,0,0
0ef188de-6bdb-4644-a111-44a39c931e52,613,0.387,4,approved,0,1
211d7a9e-185b-4f9e-a8df-ddbad154e692,682,0.318,5,approved,0,0
ea655354-c53e-402c-9fda-1d2e89db4558,642,0.358,4,approved,0,0
91609c12-0e6d-40fa-a71f-328a246f11c2,723,0.277,5,approved,0,0
18afc93d-df74-4305-a6c1-b24ad9b92052,663,0.337,5,approved,0,0
2c773ef0-96e1-4ff1-8d61-5d9080e9aa21,620,0.38,4,approved,0,0
1a47cb76-93cb-4e73-a3fb-34724e4b18c1,742,0.258,5,approved,0,0
969ce5c6-c5a3-410a-87ee-af1283752863,646,0.354,4,approved,0,1
1c8dc5fa-c1b6-44af-96f2-f13e553038a2,516,0.484,2,approved,0,0
d5f449c4-ddcf-4365-b1d3-8839a334b22c,970,0.03,5,approved,0,0
2cd0ae0f-778c-4c6a-9bc1-19eb9fa5e1cb,783,0.217,5,approved,0,1
f2595275-037f-43a8-9fe1-2eeec29974ac,721,0.279,5,approved,0,0
e3e0310b-b914-4590-a162-ed10fb15784a,681,0.319,5,approved,0,0
a67c1f84-3146-47d1-82c1-8afc1d70bf26,705,0.295,5,approved,0,0
77c2cf41-edb2-451f-a452-dd9f4c347281,565,0.435,3,approved,0,0
d052f389-df14-4d66-be18-dd2bf0ec5161,907,0.093,5,approved,0,0
3149f742-d614-4df3-9d80-bf3607c92615,782,0.218,5,approved,0,0
7d73759c-7512-4544-b6d6-0788b579ef58,606,0.394,4,approved,0,0
72a2e5ad-9f56-49d2-b9df-fce80a3ab640,596,0.404,4,approved,0,0
0d39a85e-12dc-4487-904a-55cc24c397bf,870,0.13,5,approved,0,0
842a208e-92ef-48ea-9756-89752dc80e71,756,0.244,5,approved,0,0
16a45aeb-ccb9-4e27-a146-68ae2ffd0d8f,796,0.204,5,approved,0,0
757698b1-c0c5-4166-8fc6-7fd183c315da,647,0.353,4,approved,0,0
350a85e4-87c5-4043-9229-46aafed692e8,602,0.398,4,approved,0,0
5ea28748-8c40-4b84-9016-5c47562bd1c9,528,0.472,2,approved,0,0
eae57d5f-1485-4675-a4fe-8bf866f5978a,949,0.051,5,approved,0,0
0648921f-afd7-4dd3-bc42-f09927935db0,532,0.468,2,approved,0,0
0c83370e-d7f2-4cef-afcd-b3269eb47157,918,0.082,5,approved,0,0
85218e39-1749-48e8-864f-1a04d7c60724,709,0.291,5,approved,0,0
280c5c39-aa3a-47c2-9ea9-eb2b575516ac,881,0.119,5,approved,0,0
99ca371e-84af-49cf-aa49-6a2ec6388bb3,630,0.37,4,approved,0,0
41b88bd2-2b15-4d3f-b180-6aeefa954163,919,0.081,5,approved,0,0
82ad87b9-ef54-4387-a09e-099865506f56,749,0.251,5,approved,0,1
33d6000e-f647-4d4b-ad90-06a187798a5c,767,0.233,5,approved,0,0
10225068-957f-4430-b85c-fcfa45ae252f,998,0.002,5,approved,0,0
33fe1c08-b6b1-4054-836d-abc5e5376d1b,562,0.438,3,approved,0,0
76f200a8-06aa-49f9-94db-937fa76583f5,651,0.349,4,approved,0,0
99cbfe3e-00dc-4f1c-afab-bb92afc416ca,800,0.2,5,approved,0,0
4ccaa86b-b0e1-4c56-a265-661c125386c7,724,0.276,5,approved,0,0
dce4ba2a-0f7c-4987-b746-1222ae8f6b05,601,0.399,4,approved,0,0
81de0300-62b7-4d25-988d-df6696bb4f2b,619,0.381,4,approved,0,0
feffcbe5-c572-4bba-aa3c-d941a2df09a7,607,0.393,4,approved,0,1
fd7d2e41-d634-4682-9279-16154db42da7,693,0.307,5,approved,0,0
52937709-3eb2-4da5-b348-ddc04189ae80,752,0.248,5,approved,0,0
461fa54d-b61c-4b22-89b1-83598e3cc56b,688,0.312,5,approved,0,0
a791668d-7832-41e1-add0-84f80ee59efa,706,0.294,5,approved,0,0
a7d25cd3-9b39-40de-8d81-33b1badb3459,696,0.304,5,approved,0,0
70adf51f-9d4e-448e-b10f-ee21189f3ce0,685,0.315,5,approved,0,0
f4a15d0a-6289-4e2d-b945-d20c84de0b22,762,0.238,5,approved,0,0
7fb9407d-5b4f-4d24-9e32-a3c4c2fcd0b9,822,0.178,5,approved,0,0
100e4208-412d-476d-bdde-c97433fcfc7c,524,0.476,2,approved,0,0
c26aaff2-4117-4281-a4ca-891ffb096c4e,632,0.368,4,approved,0,0
4cedcf20-1991-4408-90b6-02e572419042,810,0.19,5,approved,0,0
5c75d56e-89c1-4176-873d-e1a9ed9a33c0,654,0.346,5,approved,0,0
072432fa-19af-4477-ac80-a0ec972ce9ad,595,0.405,4,approved,0,0
4c13e83d-bb77-4a24-af05-e28837ad0c87,866,0.134,5,approved,0,0
8e3c402e-f5ea-4e79-9232-3243c688c949,627,0.373,4,approved,0,0
35a3ce89-a765-440e-b117-ab329c21184b,770,0.23,5,approved,0,0
325c2041-db27-4013-959e-962d852726f2,594,0.406,4,approved,0,0
1b715927-e8aa-4a40-808c-42ff69b17e39,915,0.085,5,approved,0,0
3be4a387-b7b3-43c8-b25f-d64f7a8b0ffa,603,0.397,4,approved,0,0
cd650b73-ae7a-492c-b848-3e9fba5cc8c3,998,0.002,5,approved,0,0
8cfec34b-ad92-41d9-8fec-1565b85d5194,803,0.197,5,approved,0,0
d0b7894a-015f-4077-80cf-025002980568,593,0.407,4,approved,0,0
2fe5260a-7ac5-4d2d-b07d-6bb995bd2e81,533,0.467,3,approved,0,1
1251ae71-f462-4f9d-9d34-b0ee929d7fee,934,0.066,5,approved,0,0
2090c90f-2cb0-4456-87a4-4faf3ff92b8c,538,0.462,3,approved,0,1
925ebff2-4572-4789-b39c-831f6d4e6944,918,0.082,5,approved,0,1
88e5e647-ccc7-4cf2-8d08-c6281c1010f5,639,0.361,4,approved,0,0
dc368410-eba5-477f-b0d2-2ffe8a2b1ee6,745,0.255,5,approved,0,1
c8bf9893-e195-451e-8938-6c5fe5a75ae2,762,0.238,5,approved,0,0
d08b900f-9f27-498a-86d1-547c95ffb587,883,0.117,5,approved,0,0
b148e039-b27a-4a9c-8346-9018c8391cfd,740,0.26,5,approved,0,1
a2ee9430-857f-4a91-8627-078b85867a5c,741,0.259,5,approved,0,0
92d7fee2-c3b8-4ebc-b885-f63ddb9cacfa,675,0.325,5,approved,0,0
5800f336-94df-459d-adec-4b1cc9722af7,724,0.276,5,approved,0,0
e1f1e5ad-7858-4e66-b01b-c2b0e3fdbb26,664,0.336,5,approved,0,0
6018289d-88c6-4a0a-968f-86b3067f7b6a,608,0.392,4,approved,0,0
5fff8114-a365-4b65-9162-8c7ed8cd652d,818,0.182,5,approved,0,0
a2a33829-8479-4a0b-a614-67d5c0ed096b,581,0.419,3,denied,0,0
a8aac8dd-130b-4293-9112-0eeb899b9f8f,669,0.331,5,approved,0,0
32ba23d1-7273-4483-95c4-581aa49e55d2,798,0.202,5,approved,0,0
a873ef06-4cd2-4978-abd4-0252170daa06,857,0.143,5,approved,0,0
f202b5e1-2235-4cf5-a1e0-3cb89cc5b043,926,0.074,5,approved,0,0
7a0ce94e-bad0-412a-9212-62515eb7a6d5,558,0.442,3,approved,0,0
373b93fd-9b9c-4ff5-b18a-ece221eee0ef,811,0.189,5,approved,0,0
1e113f86-c7e9-4ab6-b92b-d0f85267773f,894,0.106,5,approved,0,0
611aa378-0afa-4cae-8cba-384eeb840e79,723,0.277,5,approved,0,0
f83c9437-4106-4387-b446-7755684e77e8,834,0.166,5,approved,0,0
cfa8ba33-4372-4915-9775-0d83fca45a05,821,0.179,5,approved,0,0
834246d0-437e-410b-9b33-92994c3a645d,558,0.442,3,approved,0,0
b4f16f5a-f84d-46f2-bebc-96a4f218eecf,711,0.289,5,denied,0,0
5f06604b-f1d7-4240-9803-d9d038f980a9,704,0.296,5,approved,0,0
78c5ec55-6957-4490-9d56-6aca54fde097,599,0.401,4,approved,0,1
49183547-4c22-470c-ae1a-303c0c57e6bb,575,0.425,3,approved,0,0
365f2865-2be8-4ba0-b002-004e90a7cadc,753,0.247,5,approved,0,0
fbcdf67b-05a7-4a5d-b73e-b99387330c79,761,0.239,5,approved,0,0
6af33b38-13e3-4091-ac3a-78928f4a4c94,731,0.269,5,approved,0,0
7909d18a-aea1-4f31-9b0d-fae078d5d8ac,845,0.155,5,approved,0,0
d4d9b4d3-ad3a-4c7e-b473-e164d0e26e4e,760,0.24,5,approved,0,0
afb01bf9-f9c2-4bed-8c0e-04f101cc6560,612,0.388,4,approved,0,1
50987965-2df3-4bc8-8f88-0bffb709b1a2,997,0.003,5,approved,0,0
6d120bfb-e929-4a18-9796-866505dd1ae3,773,0.227,5,approved,0,0
176ca682-79fb-47bd-b08e-10cc4155a8c5,665,0.335,5,approved,0,0
dc6c87f6-06f9-4774-84a1-f1c4cc754de1,851,0.149,5,approved,0,1
3e6f4f00-9f80-4132-9f94-d27e88b3933c,562,0.438,3,approved,0,1
2f578da0-3bcf-480d-bcff-e3ac33faaea8,802,0.198,5,approved,0,0
c257dd49-bdae-4248-a557-875f0c6438ba,698,0.302,5,approved,0,0
185a6e4e-3584-4f2d-9671-549c631731fb,890,0.11,5,approved,0,0
218c4e4e-db5f-40d8-b1c7-0c51f94c236d,946,0.054,5,approved,0,1
b5acccdc-3be0-422e-827b-0d11793cd05d,767,0.233,5,approved,0,0
a2ccbcde-0e5a-45d9-8719-49e5f73c6d32,756,0.244,5,approved,0,0
33620b29-34aa-4cef-a828-24ae42ddbc1a,625,0.375,4,approved,0,0
659ab0a5-be55-4bab-a194-688f29a3c0a9,875,0.125,5,approved,0,0
d8220de4-47db-444e-a9bb-b5a0e46d7413,768,0.232,5,approved,0,0
b77f29a6-ccfc-4005-ae29-5c8274165cbb,641,0.359,4,approved,0,1
855166ec-3172-4c8a-90cf-a1fdd90dc285,584,0.416,4,approved,0,0
bf75e149-26eb-4ce8-b6e2-9e136e5d06e2,643,0.357,4,approved,0,0
e1b8aabe-8885-415d-99e2-349c0e2f20fb,860,0.14,5,approved,0,0
c141536f-aff7-4912-b472-cae182ad3947,672,0.328,5,approved,0,0
c63d4322-7a19-4223-92d6-eb6da7270e5f,902,0.098,5,approved,0,0
5c205da2-145c-4257-826a-f75254aed34c,573,0.427,3,approved,0,0
0b9c9e01-4e68-4378-8280-e0dd5c4efbdf,849,0.151,5,approved,0,0
a29f50d5-e8be-4350-8608-eddb27b5a1e3,517,0.483,2,approved,0,0
6de14e27-d7a2-4b54-b221-9b4601d4a48a,732,0.268,5,approved,0,0
4d4d044a-6b3e-4648-8be1-5d31fade7d70,815,0.185,5,approved,0,0
bccfa5c0-6c15-498d-94ab-f516d43c90bc,740,0.26,5,denied,0,1
12eb3925-bb6d-4b71-9251-5a4cc4182182,647,0.353,4,approved,0,0
3e45b1e7-848e-4d85-b3f3-b9f90e933d7d,608,0.392,4,approved,0,0
3e92511e-070f-4d54-bcad-d5252a9ad26c,628,0.372,4,approved,0,0
76ab3c13-1e3f-4f4e-a3b8-d72c5af1b10c,992,0.008,5,approved,0,0
325e3e3e-8516-46fa-b78a-d9cd4c19139a,764,0.236,5,approved,0,0
66d51b53-bb11-4cc0-95f7-8b48ad60fb29,868,0.132,5,approved,0,0
e0ec23ed-d720-4ad4-8183-bbc7c09e199f,723,0.277,5,approved,0,0
b50980bd-8d04-46cf-9e47-b70633def560,735,0.265,5,approved,0,0
3eec99c9-4779-4271-ad3b-a637a4644cc6,628,0.372,4,approved,0,1
a9ca5597-16c2-469d-8ac2-6227356136c5,796,0.204,5,approved,0,0
dda23845-c788-4cd3-8890-c058b11c4a46,532,0.468,2,approved,0,0
9d021e08-296b-4c3a-a034-38892f3cd187,757,0.243,5,approved,0,0
6c0a8fdf-106f-437f-88f3-d28b16b03ed1,999,0.001,5,approved,0,0
b1ad8164-0359-43cc-a133-81ca7da7029f,555,0.445,3,approved,0,0
b6290a8d-3940-4097-ade7-26a7ac97b8ac,517,0.483,2,approved,0,0
87bea476-73b4-42c5-bcd3-eab539ec10ed,555,0.445,3,approved,0,0
e4dd6eb7-b692-4af3-bf75-93e7fc6554b2,688,0.312,5,approved,0,0
e6adf50e-70d2-40ab-8612-fdd2f1da4c0e,957,0.043,5,approved,0,0
04390e72-e7d9-4d31-adad-2884f9b3da5c,597,0.403,4,approved,0,0
875c95ff-3e00-4eec-aba5-12dddd8d0ba7,827,0.173,5,approved,0,0
a9a77d6b-cbd2-4ee3-9d97-3ba57aea0f4c,909,0.091,5,approved,0,0
d7162797-3397-482a-8521-7834d3f2378a,802,0.198,5,approved,0,0
73bc02e9-9ec0-4910-9e75-e55a436758a7,994,0.006,5,approved,0,0
4ba119ad-4f08-4330-b30c-1fdde6125671,999,0.001,5,approved,0,0
e9857f97-9814-4268-9f46-fd430d0bd7eb,783,0.217,5,approved,0,0
65f195b5-7d43-4fde-8df7-ea86624838c7,863,0.137,5,approved,0,1
ad269374-a173-4e76-812b-dc0c1e3495b5,556,0.444,3,approved,0,1
08a0ec3e-24ba-4777-8c0e-57cf41a5382f,876,0.124,5,approved,0,0
150255b5-66d5-4672-a1be-93d5a73da781,628,0.372,4,approved,0,0
991cf97c-de9a-44c2-b199-1d65c193fedb,683,0.317,5,approved,0,0
301f5908-c25b-4fd6-9e7b-701944f25751,687,0.313,5,approved,0,0
eae0d940-3a3f-462f-b21d-016145ff8de6,739,0.261,5,approved,0,0
9ab608cb-c4d8-48d9-95ae-680026f4599c,675,0.325,5,approved,0,0
b69bd3d1-c243-4b88-962b-755e5a5f4a92,683,0.317,5,approved,0,0
8b3ad749-3575-4846-9776-7febaf893d10,559,0.441,3,approved,0,0
a8210f36-f75f-4b31-becd-485e91070572,769,0.231,5,approved,0,0
4980f8df-5c28-4f53-84e8-d15006696635,530,0.47,2,approved,0,1
1364363d-0eae-4321-91cd-6690f62b0a8e,696,0.304,5,approved,0,0
72947581-c77c-4c14-9585-22a38f614687,629,0.371,4,approved,0,0
7a7393dd-a5c3-470c-9527-02944b01ce2b,599,0.401,4,approved,0,0
22cec07f-5651-428a-bf22-ff197cd933f3,810,0.19,5,approved,0,0
eb494c2a-bc26-430d-a433-9e6403d3f466,659,0.341,5,approved,0,0
fc85bf82-510a-48e8-8e16-cdebf73b85ea,936,0.064,5,approved,0,0
e9b5cd85-7a04-4ef1-a327-dffa7f9b9765,753,0.247,5,approved,0,0
ea0c438e-f182-44c5-95f7-3d13a05e8a94,668,0.332,5,approved,0,0
4a5eaf23-d6bc-4c9c-9bda-3d42bf7d331b,795,0.205,5,approved,0,0
56e39578-82b9-4b44-a734-40fd5df5fb20,873,0.127,5,approved,0,0
32bc6074-492f-42a1-92cf-659894079fa9,980,0.02,5,approved,0,1
aefc5387-b782-49e0-9306-040d2552c176,523,0.477,2,approved,0,0
9e1a3329-c9a6-42bd-afbc-79a55ef25103,572,0.428,3,approved,0,0
cff9471d-d4b4-4fb5-bbc2-07628bd1d32e,586,0.414,4,approved,0,0
283f6e51-d99f-4da9-8fd6-11b872935056,794,0.206,5,approved,0,0
cecab34a-1fd0-49ab-8c90-4186f992ef06,539,0.461,3,approved,0,0
92568a61-7a7e-413e-93e1-0f8d41f5141e,834,0.166,5,approved,0,0
0b3e1cc8-14ab-43e8-b19c-d686971e8f27,890,0.11,5,approved,0,0
06fdf45b-e488-40e3-af2f-50e3b8b29e69,757,0.243,5,approved,0,0
70a864f5-ea93-41dd-8cf9-64eba653361f,778,0.222,5,approved,0,0
d27ee511-859f-4adc-bdb1-b697d22b23fc,880,0.12,5,approved,0,0
b6f385fc-8250-41cc-b300-3d5b4a626786,756,0.244,5,approved,0,0
5877079e-ccd8-40a6-bc33-405b0d50918b,850,0.15,5,approved,0,0
0ea872e1-c477-42b6-a472-b1b124512520,738,0.262,5,approved,0,0
748ddb34-ca20-4616-8ed1-b0d7bed0387d,811,0.189,5,approved,0,0
24b1fb08-322d-4ead-be28-eb53de5a4374,654,0.346,5,approved,0,1
3a3e1c87-155b-437e-82a9-1d8d9a2b3297,743,0.257,5,approved,0,0
f0a26cf5-d734-41f4-b1fc-d3c3d5dad298,623,0.377,4,approved,0,0
22038a79-ab54-4094-b5df-25e82f1bcff0,727,0.273,5,approved,0,0
1efffc89-0944-466f-9f41-a7e78b6dbd17,894,0.106,5,approved,0,0
f16fb5ba-5471-4355-bf15-f3f235dc3e12,694,0.306,5,approved,0,0
39900200-1778-48e3-aaac-6484fb8e8216,585,0.415,4,approved,0,0
981c61a6-b260-471d-b28f-56258fae6895,850,0.15,5,approved,0,0
f304f805-2264-451f-a8f7-abd39b508da6,644,0.356,4,approved,0,0
930770b5-698c-4b98-90e9-99e1cc21e73f,741,0.259,5,approved,0,0
a37f47b3-fcd1-47c8-803a-5f75228b7759,645,0.355,4,approved,0,0
ffd8d9b8-4ebb-488b-9167-4d3ea2abe9a3,573,0.427,3,approved,0,0
c4b96b79-b11a-4212-9367-f65f46c98a41,898,0.102,5,approved,0,0
2fef2d67-0fa0-4931-8827-235a84dfeea4,899,0.101,5,approved,0,0
6dea5c3d-7573-4648-837e-f9479d2b5955,838,0.162,5,approved,0,0
526af349-2aee-49ed-9ef5-14b9e4f617ab,740,0.26,5,approved,0,0
c07fd928-cfef-477f-a0fe-018d0fc5cd91,829,0.171,5,approved,0,0
fc6ae564-7bf2-4d08-b429-90de2b254e3c,748,0.252,5,approved,0,0
d6c60f97-6642-430e-ac78-8cd71a421f38,978,0.022,5,approved,0,0
228869e8-9ca2-4a08-95bc-d830afb2d803,617,0.383,4,denied,0,0
8751f7c0-8eb1-43ce-b2e2-2a8b5c216dc6,906,0.094,5,approved,0,0
78f469ad-699f-4ac4-9e04-981702932a38,968,0.032,5,approved,0,0
31f08e52-6401-47ff-906c-6344d0f573f6,668,0.332,5,approved,0,0
d7531bc5-abae-4a43-ab45-07fd80edfbc3,861,0.139,5,approved,0,0
a0db7099-fab3-4a1d-9595-c76b653a39d5,554,0.446,3,approved,0,0
3dc97ee2-9a49-430f-86f5-a91b37da9e62,619,0.381,4,approved,0,0
6b71fe5c-030c-4fb7-9c68-81e3f1b2b9e9,876,0.124,5,approved,0,0
49dd7a9d-54d9-4413-9a22-bd7223062b03,632,0.368,4,approved,0,0
0209af3b-255f-458f-9af6-ee5dc62bd531,711,0.289,5,approved,0,0
afaebc7e-82c1-4f45-be5c-d737119a8be4,583,0.417,4,approved,0,0
7596acb7-559a-436f-9b8b-5ab66aecba0c,904,0.096,5,approved,0,0
625777bb-2444-42db-aa27-45dc668fe467,625,0.375,4,approved,0,0
6123b27a-67b1-4a5f-8b5c-c4fb3a1104b7,844,0.156,5,approved,0,0
28ab7260-111b-4c30-83a4-990a0666543c,810,0.19,5,approved,0,0
2b36c93f-7962-43a0-9976-e6795fb5fd25,565,0.435,3,approved,0,0
bd4edac1-d549-4ade-8d25-973b63e337e6,605,0.395,4,approved,0,0
f3c0e1bb-0a8f-4cb8-aeff-7efccb82ebbc,952,0.048,5,approved,0,1
d9720def-d6f0-42ff-9aeb-43c808d4df70,599,0.401,4,approved,0,0
82b70962-3ebc-4e38-bf13-53c3ebdaa5cf,766,0.234,5,approved,0,0
b02f2cf6-2d4e-46ef-afda-578295ec9b86,787,0.213,5,approved,0,0
6eb7d340-0c7d-458d-9e8b-0e4d20a28002,610,0.39,4,approved,0,0
a4fc51fe-a3d9-4401-a0c3-538db52594b7,884,0.116,5,approved,0,0
cc011119-2798-46b7-91df-ab3ec971689e,713,0.287,5,approved,0,1
d3a73863-2656-4d4e-bcec-b7651ce6ea93,774,0.226,5,approved,0,0
7c214ed7-fa58-4ef7-8353-0d12873aaf20,754,0.246,5,approved,0,1
3f23a0ae-e25f-41f1-a4ad-29e002d33dc7,663,0.337,5,approved,0,1
3ba4a270-25c2-4160-84b7-0a7b6e6bf618,773,0.227,5,approved,0,0
fe4032de-83c4-4ad9-b0ce-a0bfd46cf9d1,654,0.346,5,approved,0,0
14f5b9b2-f4d7-482a-812c-23f6d47b9797,775,0.225,5,approved,0,1
ff342985-f91a-4b35-ac35-8967d1a8fb28,686,0.314,5,approved,0,0
96b6bfe2-68df-465d-ae06-b0b1f9bfc8dc,829,0.171,5,approved,0,0
d6e61fee-215a-42c1-b6c0-777a1a0320d9,777,0.223,5,approved,0,0
fb467d3f-8b70-42b1-a14a-03169a0db431,883,0.117,5,approved,0,0
77f9f345-f5d7-4d43-bdc2-63075cdd0638,681,0.319,5,approved,0,0
32314264-885c-44b8-b363-99088b684e58,629,0.371,4,approved,0,0
d04e026e-8d4a-491d-8911-f5f63242c467,893,0.107,5,approved,0,0
07448fa7-d993-4804-a75e-783fc4ace5c0,934,0.066,5,approved,0,0
1d27c3dc-e737-4b97-88b5-0822514449d5,674,0.326,5,approved,0,0
9305ac4c-0ccf-4c28-861c-f7197ef10002,929,0.071,5,approved,0,0
20c404f9-b838-483e-8787-204dbf13d537,940,0.06,5,approved,0,0
f5983299-b104-4145-991e-a37a37ffdfc2,613,0.387,4,approved,0,1
7911b397-91b0-4e75-8125-180941075447,688,0.312,5,approved,0,0
c1688f2c-cf25-4f00-8f15-5c9c88fe8ed2,820,0.18,5,approved,0,0
8557e589-8230-4a23-bd87-2acaac1d179f,813,0.187,5,approved,0,0
a19442b2-91e3-437c-b1f0-e3490e18c0eb,524,0.476,2,approved,0,0
dcedd6cb-a72c-4abf-8522-2965785ea26e,648,0.352,4,approved,0,0
e6bc7668-8770-42a3-a806-c201256f6d18,972,0.028,5,approved,0,1
ce4a2c70-1f12-4aff-987c-a089bbf3102b,783,0.217,5,denied,0,1
d7626679-44f0-485c-80b7-80ee39e1d3d5,741,0.259,5,approved,0,0
27db8483-ef0e-4a03-acbb-1d34afd86d6c,625,0.375,4,approved,0,0
e29f2eca-da6f-4def-a843-105a1eab6198,589,0.411,4,approved,0,1
e55ea037-c002-4279-ae47-cadbad6e6032,766,0.234,5,approved,0,0
dd6cc004-ed38-42bf-8135-3c0425eac26d,957,0.043,5,approved,0,0
47599fb4-3408-44fb-9d2b-1b273793f185,880,0.12,5,approved,0,0
004b185e-c091-4420-a6f5-bc7b37b26dbf,612,0.388,4,approved,0,0
3c9ff60d-a658-42d1-97da-e4243bdcead1,897,0.103,5,approved,0,0
91553323-b8d1-499e-9662-d08e4127cc54,845,0.155,5,approved,0,0
93a1fc0b-0760-43c9-8ac0-5075c4ea86f9,789,0.211,5,approved,0,0
63db28ad-91b1-431e-b45e-5ee679ddb2ca,985,0.015,5,approved,0,0
7307d6c7-73c9-49fb-8c04-3f65cf32a77f,640,0.36,4,approved,0,1
762d1009-a8ec-4f0a-8804-72c748da1d34,617,0.383,4,denied,0,0
f0bc5157-8bad-4abf-88d3-39357050ea01,877,0.123,5,approved,0,0
32be7db3-dd44-4253-874c-814b85ab2c33,809,0.191,5,approved,0,0
577c18bb-6860-41e7-9f7e-470f89ed4f23,615,0.385,4,approved,0,0
4880c83c-7557-40cd-9f10-c4e60124fe1e,756,0.244,5,approved,0,0
09356f20-acc2-4a27-b958-430f2e6bf441,941,0.059,5,approved,0,0
4363d645-50ba-4d56-8e01-e4fb92e63cd8,831,0.169,5,approved,0,0
f059e654-cf88-41e8-b069-06b3db01c15c,598,0.402,4,approved,0,0
519348dd-44e6-401a-8140-18d170605045,526,0.474,2,approved,0,1
6f31e99f-2305-49a8-8051-3a8fb3fe7cf6,558,0.442,3,approved,0,0
991fd679-27fc-416c-8529-e2a9130c3673,841,0.159,5,approved,0,0
3ceaac2c-3419-44c8-b004-c77f75910d7c,596,0.404,4,approved,0,0
5e5c29f2-e9c1-4fff-8aca-5d10bf7b9de3,929,0.071,5,approved,0,0
34a3025a-2f69-4cc2-b4c4-f060294fb0a7,571,0.429,3,approved,0,0
b6a0fdb1-f836-4507-97d0-e07649afe089,645,0.355,4,approved,0,0
214720b2-1c6c-45a5-8749-0308c1f2cfd5,780,0.22,5,approved,0,0
18afbd26-c586-4202-a5a4-6d3233bbe1b1,624,0.376,4,approved,0,0
50cb1df2-6eee-43ac-87d8-2cc3674fa0e9,534,0.466,3,approved,0,0
086c7012-2434-4945-990b-beba716a249b,847,0.153,5,approved,0,0
c62f252c-9a03-4d29-9a67-de48ac020008,926,0.074,5,approved,0,0
9a16f462-739c-4d40-983d-a8894a466e4b,526,0.474,2,approved,0,0
0c443d34-7900-46e5-a98e-36fa8c2496b3,696,0.304,5,approved,0,0
3a93090f-1e56-43d4-9a2a-c548a943a723,798,0.202,5,approved,0,1
a3a69fd9-4697-4226-be33-1c90d89f89ef,769,0.231,5,approved,0,0
80e64371-2542-42f3-b551-303a6043c20c,710,0.29,5,denied,0,1
e103c678-f368-426b-a55a-ffe361dc2b7d,701,0.299,5,approved,0,0
38c1b797-4c9f-460f-9a86-b902ee276681,591,0.409,4,approved,0,0
14b66f94-6a2a-44b3-acb5-db955308288b,600,0.4,4,approved,0,1
a83ef329-a62b-41eb-9d34-15c13a01f717,999,0.001,5,approved,0,0
59badb23-1d84-47e7-a6ea-f6e7b21b6cab,851,0.149,5,approved,0,0
e6a6bc63-c7dd-438d-b332-2711518bacde,727,0.273,5,approved,0,0
e3e66b0f-ef9f-4fc4-ae2c-50294e0052df,778,0.222,5,approved,0,0
1e5593aa-b53b-42bc-999a-d15b07b97acb,663,0.337,5,approved,0,0
771a0993-c408-417d-a375-efb4a0761d4b,765,0.235,5,approved,0,0
7f3110d3-6d93-4192-99b5-f195c38a769c,848,0.152,5,approved,0,0
b6b19ba5-f46f-4a37-9c4d-4edbaa4c42f5,712,0.288,5,approved,0,0
bf911db5-dd32-4eb2-b54f-eed3bacb9cf7,561,0.439,3,approved,0,1
926d3eb7-e28d-435d-b084-11a0f5aec822,585,0.415,4,approved,0,0
22073241-2a6c-4644-9a82-b427e9e25e30,717,0.283,5,approved,0,0
71fbf76a-3271-412d-b4fe-aabccce99422,725,0.275,5,approved,0,0
4ecb4ff6-a140-4024-ad5b-78d657168221,921,0.079,5,approved,0,0
1917fe43-b1ea-415d-9dcf-92250f869da3,744,0.256,5,approved,0,0
621ddd2e-ab25-4ccf-8ed3-83141a5cb012,543,0.457,3,approved,0,0
75275ee1-80a0-4541-bd47-e4240fe5fd8d,613,0.387,4,approved,0,0
9f4ae0d6-d91c-4ba6-9329-e3c042a8923b,770,0.23,5,approved,0,1
33b3cd23-d55b-4770-b64b-24fd52c58514,844,0.156,5,approved,0,0
24196e13-043d-4b7f-8a47-8cf164205945,995,0.005,5,approved,0,0
2d7261a4-af3c-4902-b447-69c84bafe45f,867,0.133,5,approved,0,0
d87dc351-bf54-438b-877c-e45a78cfdff1,684,0.316,5,approved,0,0
0549a013-9e58-46ca-9e41-79e77812b3e8,853,0.147,5,approved,0,0
814be53d-8d6a-464a-9346-f4e8bb98ea68,592,0.408,4,approved,0,0
489ff21f-0e5c-425e-9054-ca899098f3c1,661,0.339,5,approved,0,0
791241ca-95ed-40bb-9232-9a9193dc82b5,929,0.071,5,approved,0,0
08be8478-4274-4165-b47f-b76f13b70462,566,0.434,3,approved,0,0
175509dc-2b5d-4caa-ade2-70b0a984ee35,613,0.387,4,approved,0,0
6ecdca81-550d-452d-9c6a-be465a8e4d86,817,0.183,5,approved,0,0
7cc88af3-ed1b-476a-96d1-eb00f33f14a9,948,0.052,5,approved,0,0
775dbc4a-f59f-4ac3-b889-e8d5c20353e8,521,0.479,2,approved,0,0
8c2f5e7c-84b4-4ab5-8fdf-dd173129af40,753,0.247,5,approved,0,0
f441895f-2621-44b9-b0e5-3c07243a94da,856,0.144,5,approved,0,0
12fdedda-58d0-49fd-9581-b9fcaf2085a4,692,0.308,5,approved,0,0
72379d2c-aac3-49f2-b924-302b5875509f,597,0.403,4,approved,0,1
b2849589-49a6-4049-acfd-fea87c82863f,557,0.443,3,approved,0,1
c0fb9c57-2ae1-4919-a94a-601eff3cb809,773,0.227,5,approved,0,0
f4bbea86-691a-4b95-8360-d9436cdaa338,559,0.441,3,approved,0,0
0680993b-31c7-4083-97c1-3997c44d6c72,711,0.289,5,denied,0,0
3f5d860e-7a07-4ac3-a1c8-599dfc969e2a,804,0.196,5,approved,0,0
c1104a87-46cb-4c41-92e0-bffca98528a9,692,0.308,5,approved,0,0
8811d815-3a7f-427e-b742-6ac10decd301,585,0.415,4,approved,0,0
4d4e1594-a0fd-4a2d-9415-4c8e18c1a8bc,900,0.1,5,approved,0,0
80014e1b-c648-4e55-b341-6e238ba1148f,655,0.345,5,approved,0,0
083ef33b-646a-4220-96a7-9e49d4dc5a5f,879,0.121,5,approved,0,1
c6333711-5586-4d06-a952-78618bccd125,866,0.134,5,approved,0,0
35d6334c-cb1a-4204-b7f1-960595b7d334,679,0.321,5,approved,0,0
531ba479-9b98-438d-9e7b-60b4d7a2abdf,991,0.009,5,approved,0,0
65ddbb6b-4d96-4f38-b084-4a9ceb8b499b,586,0.414,4,approved,0,0
2c37b67d-9ed9-447b-a398-2873274e73ae,602,0.398,4,approved,0,0
ceb3af29-840d-4bfc-a1fd-1d78f4bdd68e,747,0.253,5,approved,0,0
c3d9ac9b-0dad-48b0-8800-61372c7c618a,796,0.204,5,approved,0,0
e954eada-bcd5-4878-a509-9dc3771c46ea,667,0.333,5,approved,0,0
d4d97272-3274-4a86-9492-f7d7278b467b,669,0.331,5,approved,0,0
48e11507-3e35-4aa5-8913-fa2492d2e0e2,588,0.412,4,approved,0,0
7b133919-ae56-428e-b4e9-0e27b22ec705,682,0.318,5,approved,0,0
27538ca7-ba14-4266-8415-e4e1b7783930,705,0.295,5,approved,0,0
6ba69704-57e9-4dec-8364-b59f3a966863,556,0.444,3,approved,0,0
8ae4a6de-74a8-4489-a9a2-9599322742d5,648,0.352,4,approved,0,0
5e933d31-0619-44e5-a403-a2652bb44638,946,0.054,5,approved,0,0
20ba01ec-4c39-43aa-aabf-c933a779dc38,885,0.115,5,approved,0,1
f8aeda80-d550-4c1b-8720-24f0cb5a46c3,740,0.26,5,approved,0,0
9bf5c781-7d5f-49b6-a518-49a0e9dae91f,997,0.003,5,approved,0,0
41c40d05-b32b-448d-8434-eecfae6963db,995,0.005,5,approved,0,0
fb9b9b28-612a-47be-a475-b2221f7665b3,559,0.441,3,approved,0,0
faa738bd-bc39-4a25-ae10-f48650171bea,825,0.175,5,approved,0,0
cf75d981-c682-4e92-b8a0-175ba4400895,663,0.337,5,approved,0,0
4efda63e-ef93-4a19-861b-535942787282,594,0.406,4,approved,0,1
d458a123-71da-4235-ba42-6f8c1c22d237,828,0.172,5,approved,0,0
c6f04c49-d552-4805-b9a3-f2e10fbb84b2,669,0.331,5,approved,0,1
d7b99343-ce46-430b-925e-4641b35b49df,712,0.288,5,approved,0,0
b90635e5-3baf-4009-b294-fd33cf12cf1f,747,0.253,5,approved,0,0
8f190739-5620-48a2-8fee-d0cfeefc2320,639,0.361,4,approved,0,0
3ad4347a-4bbb-4aec-9241-9842e91d6951,804,0.196,5,approved,0,0
b83bd879-5ab5-44d4-af67-0ce634eb4617,844,0.156,5,approved,0,0
f82d8510-8be5-4bc3-bbc5-4a2fa4bd0e24,620,0.38,4,approved,0,0
78e60175-d0e4-49f9-bc4f-70893a33a9e5,798,0.202,5,approved,0,0
f537ca98-6c1b-49bc-bee6-c1d7c8bbd960,790,0.21,5,approved,0,0
5bf3be45-b0e8-4f28-8228-57ff4b830699,804,0.196,5,approved,0,0
7464b8a8-d7a9-4de2-84a0-d8fb66c9adf8,618,0.382,4,approved,0,0
32302a32-b087-4e7e-99c4-779dbff34d71,748,0.252,5,approved,0,0
dc104b9f-340c-4d01-bf4f-91b954be10ce,833,0.167,5,approved,0,0
7573b0b1-3f87-437e-ac03-58349b4267d6,768,0.232,5,approved,0,0
3e56775d-ec9c-4f90-9c89-7dc158b727bf,910,0.09,5,approved,0,0
58b55619-63ef-456d-8a58-da707c365e58,669,0.331,5,approved,0,0
ead620ca-144a-4efe-87d3-8f07f419d769,982,0.018,5,approved,0,0
f4d7772a-7edd-457f-8bef-98d9791f9fd8,889,0.111,5,approved,0,0
f37698c6-17c9-4338-9de0-9a183e105468,604,0.396,4,approved,0,0
4e0d95bd-36cb-4136-b40d-6ff95cf699e1,572,0.428,3,approved,0,0
0334cbf5-3bf2-4b8c-8711-2179bebf1400,639,0.361,4,approved,0,0
b6dfd425-bba0-47ad-adb7-7e0f05932fce,768,0.232,5,approved,0,0
5ffd6c35-2518-44a1-a47e-b90d4dfa6679,733,0.267,5,approved,0,0
3c1a5ce9-3754-4fb2-918a-20d586eea0ba,886,0.114,5,approved,0,0
f7906414-fb29-497c-afdc-b33a38939911,724,0.276,5,approved,0,0
a4f15690-8691-4705-95da-36517e139eb9,896,0.104,5,approved,0,0
8ed49af9-99fd-41c8-8183-d98c144964ba,623,0.377,4,approved,0,0
45f26adb-eb1d-4403-ad96-68a78ec86646,714,0.286,5,approved,0,0
752a06a2-6ec9-4f8b-bc19-1b6767e3ec06,905,0.095,5,approved,0,0
59d2902f-e3c8-4755-a179-cd2181d74bbe,695,0.305,5,approved,0,0
c45b2f14-4fa1-4179-8e23-8a2656397c91,874,0.126,5,approved,0,0
7317e8cf-5104-4450-a865-d154b5507a13,792,0.208,5,approved,0,0
249c0ceb-3707-4ee9-9298-76f411a4a197,838,0.162,5,approved,0,0
4c078eaf-d9ee-4a0e-a580-fe9959cbf6b2,806,0.194,5,approved,0,0
0dd081a0-3ffb-450f-a29c-851053a117d3,558,0.442,3,approved,0,0
21c464f7-ecfc-44b9-8146-8ee427052e55,632,0.368,4,approved,0,0
8ab5917f-7c14-4f50-abaf-985c4615a743,546,0.454,3,approved,0,0
2a29c1f8-acc8-4e58-9366-e63f287b2884,518,0.482,2,approved,0,0
a0cc8c73-104b-4c3d-b8bf-0fa81dc55af9,602,0.398,4,approved,0,0
43901857-0e89-4443-8ff0-c83772fdac62,772,0.228,5,approved,0,0
20b74f48-ce84-48ea-81db-039658b9f734,813,0.187,5,approved,0,0
9de48ce9-0a41-44c2-ba30-d18721ed7ada,643,0.357,4,approved,0,1
baf2fcd0-67f5-41d7-ab6a-35f41f0ba329,609,0.391,4,approved,0,1
7408048f-f1d3-4e35-a75c-0cf86c7085a4,683,0.317,5,approved,0,0
1eed8c5d-c8ba-42e2-860f-9eb6ca78ca22,593,0.407,4,approved,0,1
0122950b-8468-4480-a466-4bac1315db11,718,0.282,5,approved,0,0
